Iteration	Posterior	Likelihood	Prior	rate_log_sd	rate_neo	tree_length
0	-231.3927	-347.3745	115.9818	1.78047	2.23958	0.3050439
6	-234.3365	-350.1537	115.8173	2.027414	1.650014	0.1812481
12	-240.9197	-356.7071	115.7874	1.174255	2.958193	1.230791
18	-241.5537	-358.2267	116.673	1.082714	1.360864	1.327325
24	-240.0819	-355.8657	115.7838	1.544632	3.433731	0.5297346
30	-255.5136	-372.384	116.8704	1.432194	1.085366	1.060143
36	-249.6229	-364.7031	115.0802	1.400412	6.303517	0.568741
42	-239.5943	-355.5028	115.9085	1.445255	3.31388	0.6144632
48	-235.9684	-351.6385	115.67	1.342886	4.280472	0.6144632
54	-234.8933	-349.9941	115.1007	1.034624	7.772927	0.6600774
60	-233.3529	-348.6423	115.2894	2.011075	2.894995	0.2246492
66	-235.0272	-350.0256	114.9984	2.105787	3.254323	0.2070176
72	-226.649	-341.4944	114.8454	2.105787	3.657697	0.2070176
78	-223.6285	-339.4307	115.8021	1.97534	1.826238	0.1958415
84	-232.2633	-347.3793	115.116	1.97534	3.526724	0.2448093
90	-234.2236	-349.722	115.4984	2.036968	2.317961	0.2092381
96	-246.9071	-362.1068	115.1997	2.036968	2.851176	0.1947471
102	-241.5659	-356.5557	114.9899	2.036968	3.358099	0.1947471
108	-237.9451	-353.2719	115.3268	1.992555	2.43774	0.1636116
114	-239.9562	-355.7826	115.8264	1.553852	3.28853	0.4461701
120	-231.0901	-346.4049	115.3149	1.553852	4.488501	0.3068098
126	-234.7162	-350.4606	115.7444	1.771241	2.85923	0.3581617
132	-232.0036	-347.7449	115.7413	1.774306	2.85923	0.3581617
138	-230.351	-346.1735	115.8225	1.667852	2.85923	0.3302657
144	-233.1382	-348.2173	115.0791	1.759656	4.863914	0.405152
150	-230.7525	-346.5058	115.7533	1.35002	4.058653	0.4538013
156	-232.4337	-348.1111	115.6774	1.71328	3.148695	0.3556677
162	-236.901	-352.7259	115.8249	1.820107	2.472621	0.3073206
168	-234.0277	-350.3378	116.3101	1.717034	1.891005	0.3729166
174	-237.439	-352.6037	115.1647	0.8120066	6.304843	1.189386
180	-229.7682	-346.1429	116.3747	0.8457918	2.590285	1.151303
186	-231.8302	-348.5281	116.6979	1.15436	2.144055	0.7049071
192	-235.2631	-350.8427	115.5795	1.300496	4.653128	0.6570908
198	-235.4554	-351.4573	116.0018	1.631855	2.660769	0.4022676
204	-238.8168	-354.303	115.4862	1.97941	2.664116	0.2523147
210	-245.5676	-360.4976	114.9299	1.930373	4.239279	0.2523147
216	-239.1272	-353.5301	114.4029	2.136338	4.388702	0.1593207
222	-236.3322	-351.1063	114.7742	2.136338	3.385251	0.1651028
228	-238.367	-353.8077	115.4406	1.718491	3.561108	0.2910492
234	-239.9076	-354.5012	114.5935	1.596488	7.699399	0.5330483
240	-240.5998	-355.7225	115.1227	1.596488	5.361014	0.460417
246	-243.5941	-360.1926	116.5984	1.071001	2.159277	0.9314614
252	-245.1922	-359.9787	114.7864	1.830524	5.564639	0.3550781
258	-238.7627	-354.5505	115.7878	1.988378	1.723182	0.1758567
264	-236.7308	-352.9713	116.2405	1.099107	3.165493	0.7524742
270	-235.3074	-351.7178	116.4104	1.014902	2.804962	0.8439804
276	-236.9952	-352.7152	115.72	1.42844	3.920763	0.4471769
282	-228.881	-344.6515	115.7705	1.505542	3.561851	0.4471769
288	-233.9371	-350.7491	116.812	1.505542	1.461537	0.6529263
294	-238.9884	-355.2398	116.2514	1.505542	2.428649	0.5790673
300	-234.9057	-351.708	116.8023	1.513525	1.516379	0.4903204
306	-236.2407	-352.6031	116.3624	1.48005	2.276206	0.4539647
312	-235.8231	-352.0023	116.1792	1.243345	3.00101	0.7300626
318	-237.7203	-354.4272	116.7069	0.832338	1.998126	1.146089
324	-234.4878	-350.0451	115.5573	1.402108	4.511258	0.4547139
330	-240.2046	-356.1585	115.9539	0.9765353	3.43821	1.08755
336	-240.9838	-357.9538	116.97	1.34453	1.48887	0.6114892
342	-240.2432	-356.6814	116.4382	1.252387	2.46047	0.6969431
348	-258.9506	-373.0436	114.093	1.383569	10.32658	0.9533959
354	-239.1337	-355.9007	116.767	1.474229	1.61746	0.5403735
360	-237.8415	-354.1068	116.2653	0.8355482	3.655797	0.8219647
366	-241.2048	-356.6963	115.4915	1.054359	3.655797	1.346086
372	-251.8312	-367.2178	115.3866	0.8062856	4.57774	1.384623
378	-236.1835	-352.9867	116.8032	0.7122969	1.581095	1.38742
384	-239.8295	-356.239	116.4096	1.189872	2.63878	0.7053612
390	-237.1727	-354.3156	117.143	1.189872	1.303847	0.8222673
396	-236.0918	-352.4676	116.3758	0.7550571	2.149993	1.410942
402	-237.339	-353.2596	115.9206	0.3313525	1.953786	2.10744
408	-238.2022	-354.4998	116.2976	0.3182314	2.560778	1.636584
414	-234.1602	-350.2114	116.0512	0.1516914	2.937162	1.806623
420	-242.6032	-357.5697	114.9666	0.6812196	1.805346	2.55071
426	-233.8813	-350.4482	116.5668	0.2793523	2.001507	1.68408
432	-226.0314	-342.7665	116.7351	0.6620522	1.623623	1.455821
438	-232.2255	-348.0058	115.7803	0.6598214	3.352198	1.514985
444	-230.4922	-346.9074	116.4153	0.46442	2.030983	1.647871
450	-235.9612	-352.5582	116.597	0.8378682	1.481142	1.50425
456	-238.1875	-354.2724	116.0849	0.8102687	3.124884	1.22779
462	-235.2383	-351.2431	116.0048	0.5184172	3.50598	1.407207
468	-233.0589	-349.3956	116.3367	0.9114499	2.047552	1.364467
474	-236.5788	-353.0468	116.468	1.003558	2.047552	1.180267
480	-242.6751	-358.2744	115.5993	1.483832	4.126662	0.5344767
486	-242.4772	-358.5932	116.116	1.340174	3.115672	0.4987106
492	-243.9858	-360.6579	116.672	0.7732698	2.339885	1.059756
498	-237.5339	-352.8949	115.3611	0.7854401	4.623905	1.40998
504	-240.5547	-356.7351	116.1803	0.4679413	1.866209	1.878377
510	-242.1605	-357.9286	115.7681	0.6532832	2.770598	1.705369
516	-231.8986	-348.4352	116.5366	0.4732003	1.651354	1.724696
522	-240.8453	-356.8115	115.9662	0.9072118	1.861217	1.724696
528	-237.586	-353.4865	115.9005	0.7735424	1.861217	1.862941
534	-243.1859	-359.7142	116.5283	0.7979474	1.434054	1.610351
540	-236.8948	-353.92	117.0252	1.043416	1.316881	1.09001
546	-233.6342	-349.9975	116.3632	1.043416	2.586569	0.9770835
552	-243.1778	-358.2744	115.0966	1.296922	6.382772	0.7234114
558	-245.9119	-361.3882	115.4764	1.195572	5.260158	0.7234114
564	-232.3156	-347.1319	114.8163	1.177829	5.872609	1.261755
570	-227.961	-343.6694	115.7084	1.360142	3.582977	0.8926683
576	-228.0043	-344.7685	116.7642	1.360142	1.220729	1.112563
582	-230.3608	-347.2366	116.8759	0.6243438	0.9729116	1.773727
588	-230.7548	-347.2143	116.4594	1.074509	1.985776	1.157234
594	-240.1972	-355.6543	115.457	0.9537057	5.91879	0.8507167
600	-231.9097	-347.8793	115.9696	0.9689545	4.098224	0.8337679
606	-227.3624	-344.992	117.6296	1.413478	0.5066295	1.025995
612	-238.5941	-355.2221	116.628	1.002015	0.3994188	2.211675
618	-239.9575	-357.2514	117.2938	1.465484	0.7137383	1.010846
624	-231.2517	-348.5424	117.2907	1.242773	0.7137383	1.216292
630	-238.6101	-355.5411	116.931	1.070554	1.458042	1.04959
636	-250.7903	-366.1267	115.3363	1.255058	5.112714	0.8839754
642	-237.1058	-353.0314	115.9256	0.7451108	3.465292	1.302413
648	-243.8682	-359.9182	116.05	0.5335616	3.251553	1.436468
654	-232.1203	-348.0632	115.9428	1.1187	4.068908	0.6612285
660	-230.1422	-346.6955	116.5533	1.433344	1.951406	0.6612285
666	-230.8113	-347.6368	116.8255	0.8706112	1.812737	1.106682
672	-235.1842	-351.4443	116.2602	0.326883	2.445568	1.697545
678	-236.8026	-352.6568	115.8542	0.1896087	3.742405	1.697545
684	-235.6271	-351.061	115.4339	0.4863089	3.641723	1.809336
690	-237.0988	-352.5887	115.4899	0.8323381	3.641723	1.52182
696	-248.8648	-363.8753	115.0106	0.816135	6.163381	1.340901
702	-242.4038	-359.0558	116.652	0.2895064	2.021925	1.607021
708	-243.2614	-358.9166	115.6552	0.6161053	2.021925	2.068291
714	-241.9084	-357.7821	115.8737	0.7829181	2.954831	1.474301
720	-246.9247	-361.9712	115.0464	0.4126789	4.931469	1.842734
726	-243.9143	-360.5894	116.6751	0.5349084	1.336643	1.747271
732	-242.318	-357.5376	115.2195	0.6973966	5.449186	1.409297
738	-236.389	-352.5163	116.1273	1.012129	2.926698	1.086234
744	-239.0478	-354.8679	115.8201	1.121919	4.410374	0.6806357
750	-233.5249	-350.4823	116.9574	1.101795	1.245871	1.151705
756	-232.0233	-348.6042	116.5809	1.433059	1.76139	0.8052333
762	-237.9082	-354.6776	116.7693	1.00073	2.072082	0.8735015
768	-239.245	-355.8623	116.6172	1.043757	1.645723	1.233376
774	-235.6031	-351.6932	116.09	0.7037558	2.720157	1.449316
780	-244.0818	-360.2324	116.1506	0.9164232	2.154453	1.458063
786	-240.1648	-355.9542	115.7894	0.5185346	3.261835	1.637797
792	-247.5022	-362.3278	114.8257	0.4178323	5.05305	1.96577
798	-243.9721	-359.3019	115.3298	0.2236306	4.751204	1.813539
804	-241.8777	-358.0702	116.1926	0.6878402	1.654235	1.813539
810	-237.2534	-353.2576	116.0042	0.6363644	4.292916	1.081241
816	-232.1703	-346.8656	114.6953	0.5930435	4.372814	2.069292
822	-233.0546	-349.2342	116.1796	1.059112	2.636042	1.115579
828	-241.3824	-358.11	116.7276	1.059112	1.723968	1.075993
834	-247.9606	-364.0567	116.0961	0.8199014	3.95885	0.9147674
840	-244.9694	-360.2972	115.3278	0.969606	5.299671	1.127059
846	-249.1991	-366.7467	117.5476	0.6681323	1.096212	1.130687
852	-244.4212	-360.7085	116.2873	1.229323	2.201139	1.061973
858	-244.7219	-361.4228	116.7009	1.102506	1.538451	1.175969
864	-244.3971	-360.0074	115.6103	0.9589674	4.656533	1.042999
870	-240.7429	-357.5259	116.7829	0.7142803	1.592377	1.395473
876	-238.943	-356.4739	117.5309	1.050782	0.9717731	0.8871073
882	-238.5755	-355.1935	116.618	1.050782	2.489891	0.7093644
888	-238.2895	-354.2833	115.9937	1.009486	2.759453	1.269317
894	-242.5022	-359.1753	116.6731	0.8924222	2.267027	0.9792275
900	-246.22	-361.7158	115.4958	0.3709584	2.893026	2.046635
906	-241.5479	-357.6311	116.0832	0.4394882	2.838312	1.611123
912	-242.4608	-357.9175	115.4567	1.425634	4.421322	0.7712113
918	-245.7055	-361.7652	116.0597	1.214169	3.52042	0.6166324
924	-258.0175	-373.7659	115.7485	1.267517	3.546569	0.9642319
930	-253.4863	-368.9778	115.4915	1.083196	4.482308	1.087412
936	-252.0164	-368.8041	116.7877	1.070495	1.604436	1.084898
942	-254.9443	-371.2953	116.351	0.9936819	2.382054	1.132322
948	-246.4902	-363.5198	117.0297	1.173292	1.26941	0.9985628
954	-249.6132	-366.7749	117.1616	0.9487324	0.9005006	1.381846
960	-244.1867	-360.4615	116.2748	1.430706	2.027894	0.9717804
966	-248.1702	-365.1492	116.979	0.9780836	1.168499	1.294897
972	-248.2842	-365.9086	117.6243	1.573712	0.4879895	0.8965051
978	-251.0439	-367.7618	116.7179	0.9892855	1.402713	1.33999
984	-237.1253	-352.7322	115.6069	1.406341	3.728921	0.8954108
990	-239.9216	-356.4513	116.5297	1.426969	1.578203	1.008192
996	-236.1802	-352.453	116.2728	1.279204	2.630197	0.7838559
1002	-237.5207	-353.4079	115.8872	1.153197	3.908849	0.7838559
1008	-234.7526	-350.2899	115.5373	1.234727	5.033719	0.6536251
1014	-225.5786	-341.7171	116.1385	1.504053	2.605376	0.6536251
1020	-231.4695	-347.5539	116.0844	1.379275	3.094879	0.476813
1026	-237.2664	-352.3521	115.0857	1.689321	5.097223	0.409355
1032	-235.8274	-351.8996	116.0722	1.543592	2.525024	0.3045945
1038	-231.5086	-347.089	115.5804	1.536866	3.999992	0.4318219
1044	-229.8808	-347.4468	117.5659	0.994502	0.9737356	0.9089005
1050	-236.9923	-353.1426	116.1502	0.4871577	2.360364	1.692522
1056	-231.906	-347.5877	115.6817	0.4227583	3.59425	1.692522
1062	-232.6807	-348.2574	115.5768	0.8953881	3.59425	1.421386
1068	-227.5055	-343.6475	116.142	0.6449081	2.939075	1.379243
1074	-232.7959	-349.0565	116.2606	0.7216854	2.901811	1.233995
1080	-235.3374	-350.1749	114.8375	1.050316	7.125776	1.108184
1086	-230.7909	-345.5922	114.8013	0.8239574	7.236744	1.312549
1092	-239.5091	-355.5679	116.0588	0.8672315	2.813203	1.312549
1098	-238.3841	-354.835	116.451	1.143628	2.350391	0.9015541
1104	-238.4858	-355.1584	116.6726	0.7719998	2.525605	0.9683627
1110	-241.6017	-357.2797	115.6779	0.794508	2.525605	1.750426
1116	-235.9469	-351.2175	115.2705	0.8693404	5.443314	1.230917
1122	-229.493	-346.1524	116.6594	0.8854171	2.452626	0.8991672
1128	-239.1102	-355.6258	116.5157	1.303592	2.28326	0.6176384
1134	-240.3315	-357.255	116.9235	0.7929357	1.370509	1.352604
1140	-236.8558	-352.3007	115.445	1.194478	4.858074	0.9105507
1146	-241.7266	-357.5268	115.8002	1.207408	3.797727	0.8739475
1152	-235.3416	-352.0768	116.7352	0.8103689	1.251565	1.556748
1158	-235.6944	-352.1008	116.4064	1.235408	2.588964	0.6710636
1164	-246.3079	-362.892	116.5842	0.8883234	2.633272	0.8816941
1170	-237.0428	-353.1738	116.131	0.6980569	2.864699	1.371617
1176	-240.6234	-355.7347	115.1113	0.7287477	5.035182	1.551724
1182	-246.1879	-361.2427	115.0548	0.4025004	1.81469	2.664875
1188	-241.9457	-359.0341	117.0884	0.5263687	1.673888	1.256021
1194	-242.2399	-357.1693	114.9294	0.3098919	2.649323	2.519526
1200	-245.9684	-360.8555	114.887	0.5145148	2.321082	2.519526
1206	-244.3303	-359.826	115.4956	0.8294931	2.745652	1.780798
1212	-239.7735	-355.349	115.5755	0.5644441	2.367427	2.030415
1218	-245.4897	-361.5906	116.1009	0.4222654	2.018157	1.901405
1224	-238.1433	-352.8018	114.6585	0.735824	2.904655	2.349274
1230	-243.5464	-358.6921	115.1457	1.011976	4.454816	1.440873
1236	-246.8566	-363.1233	116.2667	1.011976	2.404033	1.180582
1242	-232.1335	-347.8948	115.7613	0.8843149	2.397634	1.673086
1248	-239.9717	-355.9466	115.9748	0.3373827	1.777896	2.139319
1254	-235.1447	-351.602	116.4573	0.3563382	1.587066	1.891078
1260	-242.0554	-357.7403	115.6849	0.6029543	3.10925	1.696265
1266	-242.3762	-358.5574	116.1811	0.6656314	2.640059	1.437303
1272	-243.5026	-360.7913	117.2887	0.6237606	1.59539	1.039569
1278	-236.3096	-353.1176	116.808	1.153618	2.025192	0.6189387
1284	-240.7242	-357.6292	116.905	1.198234	1.808154	0.5906306
1290	-231.2869	-347.1599	115.873	0.9845408	4.240432	0.8757159
1296	-243.3396	-358.5545	115.2149	1.205648	6.295858	0.71196
1302	-241.9356	-359.3559	117.4204	1.130147	0.7524696	1.159463
1308	-233.9236	-350.1357	116.2121	0.9142921	3.100244	1.028865
1314	-241.0192	-357.4726	116.4533	1.378464	2.302988	0.5235912
1320	-245.0573	-361.6636	116.6063	1.641816	1.589247	0.5944984
1326	-233.2065	-349.712	116.5055	1.32302	2.279786	0.59649
1332	-239.8737	-353.705	113.8313	0.885597	5.525492	2.228521
1338	-232.4901	-349.1219	116.6318	0.9894963	1.869721	1.141972
1344	-232.0613	-348.038	115.9767	0.1948149	2.045329	2.124921
1350	-235.6353	-352.2762	116.641	0.6887925	1.869931	1.38365
1356	-231.6709	-348.1491	116.4782	0.7769357	2.608882	1.112315
1362	-234.2251	-351.09	116.8648	1.00804	1.190109	1.347311
1368	-244.4053	-360.4847	116.0794	0.9379634	2.524764	1.347311
1374	-233.0807	-349.9671	116.8864	0.7653548	1.868696	1.115162
1380	-238.2404	-353.2267	114.9864	0.5043875	3.556408	2.118633
1386	-232.7869	-350.0113	117.2245	0.5773056	1.138258	1.438812
1392	-226.3189	-342.7236	116.4047	0.5527607	2.891994	1.258256
1398	-229.2821	-345.1911	115.9091	0.5367366	2.881603	1.652738
1404	-238.4589	-354.6213	116.1624	0.3282626	2.780778	1.652738
1410	-240.9801	-356.6264	115.6463	0.05592624	3.857246	1.906174
1416	-244.6444	-359.9892	115.3448	0.3774951	3.799601	1.906174
1422	-249.7404	-366.3754	116.635	0.9785319	1.303323	1.473979
1428	-247.2393	-363.4125	116.1732	1.177797	2.492573	1.075892
1434	-246.3735	-363.4614	117.0879	0.1132263	1.535821	1.646249
1440	-241.5471	-356.8909	115.3438	0.6663407	4.049469	1.646249
1446	-245.9923	-361.9805	115.9882	0.5334312	2.732527	1.646249
1452	-245.2398	-362.1392	116.8994	1.068397	1.461639	1.078921
1458	-242.9686	-359.4691	116.5004	0.8883752	2.321094	1.120955
1464	-234.3215	-351.3644	117.0428	1.036033	1.460706	0.9710269
1470	-226.9645	-342.4801	115.5156	1.057209	4.91134	0.9655945
1476	-234.7736	-350.1485	115.3749	0.6873864	5.153391	1.357372
1482	-241.2254	-357.9783	116.753	1.194835	1.53395	1.04758
1488	-242.9013	-358.4883	115.5869	1.320483	4.610487	0.6237036
1494	-244.086	-359.8695	115.7836	1.219052	4.289528	0.6331228
1500	-239.455	-355.1233	115.6683	0.07521469	1.867544	2.466588
1506	-233.6847	-348.8006	115.1159	0.04580508	2.739974	2.541713
1512	-236.0893	-351.2382	115.1489	1.633404	4.501665	0.2544542
1518	-230.0879	-346.7544	116.6666	1.759576	1.367957	0.5349159
1524	-237.3886	-352.2567	114.8681	1.545782	6.634628	0.5118056
1530	-230.4032	-346.5947	116.1915	1.545782	2.418754	0.3774973
1536	-234.9309	-350.8583	115.9274	1.545782	3.062254	0.4510659
1542	-244.2298	-360.0397	115.8099	1.589938	3.062254	0.3271124
1548	-248.6391	-365.1593	116.5202	1.630752	1.735331	0.4211744
1554	-241.3243	-356.4472	115.123	1.501118	5.697748	0.5794669
1560	-245.5812	-361.6538	116.0726	0.4039656	2.90064	1.624584
1566	-244.5653	-360.4935	115.9282	0.5970152	2.791032	1.624584
1572	-237.2741	-352.9847	115.7106	1.116648	3.163899	1.271087
1578	-240.6019	-356.4308	115.8289	1.289557	4.017139	0.541854
1584	-238.7544	-354.4181	115.6637	1.289557	4.492762	0.5952283
1590	-240.6893	-356.8612	116.1719	1.444002	2.740457	0.5397752
1596	-245.0477	-361.1546	116.1069	1.444002	2.845943	0.4054463
1602	-231.1841	-347.424	116.24	0.7852533	2.55054	1.331021
1608	-231.6876	-346.6195	114.932	1.125452	6.259287	1.12771
1614	-237.3503	-353.5991	116.2489	0.9888897	2.93562	0.9874624
1620	-242.8103	-357.4078	114.5974	2.087943	3.467078	0.1256927
1626	-242.033	-357.3541	115.3211	2.087943	2.161112	0.150829
1632	-239.0062	-354.6075	115.6014	2.087943	1.873194	0.1782643
1638	-239.7065	-355.2877	115.5812	2.040684	2.253832	0.2298172
1644	-245.2442	-360.3266	115.0824	2.040684	2.888123	0.1672093
1650	-238.86	-354.27	115.41	2.040684	2.226287	0.1689236
1656	-239.4332	-354.2746	114.8414	2.040684	4.31954	0.2790809
1662	-231.8411	-347.7081	115.867	2.034852	1.295868	0.1340286
1668	-235.3654	-350.0327	114.6673	2.035052	3.955768	0.1646257
1674	-241.417	-358.1499	116.7329	1.525187	1.306482	0.9083396
1680	-239.8057	-354.8942	115.0886	1.525187	5.747953	0.5707715
1686	-234.8313	-349.8645	115.0332	1.246688	6.008743	0.9717886
1692	-233.6032	-348.4883	114.8851	2.203151	2.722699	0.1427916
1698	-240.7272	-355.972	115.2447	2.013815	2.596182	0.1677335
1704	-242.9415	-358.7795	115.838	1.951243	1.958111	0.2300541
1710	-245.7357	-363.0001	117.2644	1.638101	0.8231403	0.3695219
1716	-235.8391	-353.1144	117.2753	1.585762	0.7344373	0.8742397
1722	-241.0402	-356.8863	115.846	1.585762	3.091798	0.6424802
1728	-241.7322	-357.6985	115.9663	1.427241	3.260358	0.4561879
1734	-240.8611	-357.2673	116.4063	1.427241	2.301487	0.5088385
1740	-246.7582	-362.51	115.7518	1.410534	3.839825	0.4065247
1746	-247.8077	-363.0075	115.1997	1.291958	6.112131	0.6601442
1752	-241.6931	-357.8979	116.2048	1.131925	3.181629	0.7468948
1758	-244.4146	-360.4696	116.055	1.063961	3.497506	0.8711446
1764	-243.0014	-358.5735	115.5721	0.6862491	5.912302	1.016931
1770	-234.7695	-351.5693	116.7997	1.032238	2.15102	0.7319771
1776	-241.7315	-358.041	116.3095	1.228594	2.688263	0.7651963
1782	-248.1883	-364.0241	115.8358	1.187062	3.999346	0.7651963
1788	-244.8267	-361.4413	116.6145	1.245816	2.015651	0.8017901
1794	-250.6674	-365.3086	114.6412	1.415373	8.017666	0.718042
1800	-238.6861	-355.7516	117.0655	1.095514	1.138599	1.144716
1806	-246.8236	-363.6502	116.8266	0.8953114	1.954346	0.9990794
1812	-243.4157	-359.6768	116.2611	0.5045626	2.335169	1.609834
1818	-246.3589	-362.1733	115.8144	0.591753	1.622655	2.145512
1824	-252.3106	-369.1567	116.846	0.6253853	1.308352	1.576651
1830	-230.8759	-346.9925	116.1166	0.5048622	2.332355	1.713994
1836	-235.1847	-351.5148	116.33	0.7640786	2.729467	1.204515
1842	-230.202	-347.2872	117.0852	0.9753324	1.163073	1.212904
1848	-235.2052	-351.016	115.8108	0.8541899	3.030084	1.443544
1854	-239.2709	-354.5173	115.2464	0.8948837	5.580269	1.199632
1860	-249.9747	-365.9273	115.9526	0.8948837	3.136209	1.263747
1866	-247.5358	-362.813	115.2772	0.9843265	4.855618	1.263747
1872	-239.529	-354.6689	115.1399	1.008716	6.187717	1.059113
1878	-233.2092	-349.1873	115.9782	1.064788	2.716705	1.252595
1884	-232.0773	-348.5165	116.4392	0.8914448	2.225802	1.215959
1890	-237.335	-351.9641	114.6292	0.5519693	3.125135	2.425081
1896	-238.982	-353.6168	114.6348	0.5652656	4.060326	2.192832
1902	-247.9885	-364.0728	116.0843	1.147692	2.974641	0.9762591
1908	-252.589	-368.3701	115.7812	0.9501969	4.00735	1.083531
1914	-238.8904	-354.8875	115.997	1.371389	3.189797	0.6892146
1920	-241.541	-357.6717	116.1306	1.006019	3.561551	0.8203008
1926	-247.4608	-362.0707	114.6099	1.129012	6.897674	1.278204
1932	-238.2692	-355.1311	116.8618	0.8414217	1.429564	1.326629
1938	-241.6326	-356.0849	114.4523	0.940611	4.954628	1.883447
1944	-240.1842	-356.8728	116.6886	1.104742	1.999024	0.8953795
1950	-238.4897	-354.6824	116.1927	0.7102486	3.049815	1.247446
1956	-242.4339	-358.6834	116.2495	0.8037624	3.358827	0.9988445
1962	-239.3421	-354.609	115.2669	0.7175685	4.248983	1.617757
1968	-242.4722	-358.0144	115.5422	0.6486288	3.64358	1.617757
1974	-253.3551	-369.5166	116.1614	1.197409	2.968031	0.8377205
1980	-248.5627	-365.0738	116.5111	1.072817	2.447342	0.8567723
1986	-244.1718	-360.2562	116.0844	1.072817	3.470659	0.8371701
1992	-254.8356	-370.3859	115.5503	0.879666	3.503994	1.479153
1998	-248.9553	-364.9182	115.9629	0.7083284	2.90622	1.479153
2004	-236.8244	-352.3969	115.5725	1.948648	2.411923	0.2221362
2010	-244.231	-359.016	114.7851	1.855589	4.791641	0.228689
2016	-243.7712	-359.4007	115.6295	1.631185	3.522162	0.3774236
2022	-245.3374	-361.3952	116.0578	1.074961	3.402994	0.8965334
2028	-239.5253	-356.3227	116.7973	1.470702	1.239909	0.9574112
2034	-230.2234	-345.7463	115.5228	1.057665	4.834666	0.9803242
2040	-239.737	-356.4267	116.6897	1.073891	2.000765	0.9271279
2046	-241.2744	-358.1578	116.8834	0.9682026	1.600851	1.093283
2052	-240.9286	-356.8394	115.9109	0.6982475	3.027308	1.486859
2058	-240.1637	-355.5794	115.4157	0.5130784	2.892553	2.005598
2064	-240.5495	-357.8359	117.2864	1.276077	0.9568225	0.9257176
2070	-237.3317	-354.512	117.1802	1.340066	0.8120174	1.122739
2076	-238.7039	-354.6156	115.9118	0.8026165	2.680523	1.522966
2082	-241.8468	-356.2949	114.4481	0.3558668	3.524716	2.563134
2088	-231.167	-347.3369	116.1699	0.4312183	1.926275	1.885446
2094	-241.8385	-356.8148	114.9764	0.8758274	8.55877	0.8612733
2100	-241.1464	-356.1041	114.9578	1.631064	5.830645	0.5867928
2106	-230.4711	-346.787	116.3159	1.350282	2.450081	0.7451971
2112	-230.5613	-346.8534	116.2921	1.367513	2.053316	1.003435
2118	-240.1054	-357.0825	116.9771	1.381544	1.184371	0.911594
2124	-235.7043	-352.4904	116.7861	1.353211	1.454348	0.911594
2130	-240.7927	-356.0451	115.2524	1.465782	5.376203	0.5108262
2136	-235.8289	-350.555	114.7262	1.465782	7.636516	0.583531
2142	-235.9462	-352.1358	116.1896	1.084972	3.491023	0.6417821
2148	-241.2296	-358.2256	116.996	1.26129	1.471782	0.7456507
2154	-241.5976	-356.1962	114.5986	0.8462853	6.339269	1.599454
2160	-234.2655	-349.8243	115.5588	1.031276	5.539349	0.7366425
2166	-228.8696	-345.0874	116.2179	1.100192	3.213458	0.7556281
2172	-239.5607	-355.9971	116.4364	1.055279	2.771762	0.7767393
2178	-236.2651	-352.6355	116.3704	1.15641	2.695075	0.7767393
2184	-239.14	-354.9663	115.8263	1.172479	4.29646	0.63708
2190	-238.2024	-355.4225	117.2201	1.5351	0.9422356	0.6899647
2196	-237.8138	-354.0421	116.2284	1.452475	2.314646	0.2761918
2202	-244.8068	-361.3752	116.5684	1.762712	1.491666	0.4618737
2208	-247.7082	-362.8674	115.1591	1.271885	6.376423	0.6580028
2214	-236.5192	-351.4811	114.9618	1.586221	6.040008	0.4604719
2220	-244.7667	-361.8664	117.0998	1.696968	0.9567816	0.475223
2226	-243.3511	-358.8973	115.5462	1.640285	3.635961	0.3371001
2232	-241.9059	-356.3689	114.463	1.879557	6.425115	0.2941786
2238	-244.9553	-361.2085	116.2532	1.879557	1.702634	0.3534865
2244	-251.6589	-367.3059	115.647	1.488785	3.829439	0.357892
2250	-243.2287	-358.9803	115.7516	1.340403	3.829439	0.7491545
2256	-246.2593	-363.0162	116.7568	1.339321	1.805477	0.616211
2262	-232.3099	-348.9066	116.5966	0.8973954	1.915992	1.227567
2268	-232.5276	-348.3345	115.807	0.7233283	3.301716	1.461931
2274	-240.8014	-357.3927	116.5912	1.161756	2.433966	0.5837105
2280	-240.9335	-356.3878	115.4543	1.753982	3.760177	0.4689588
2286	-234.0795	-349.6616	115.5821	1.36868	4.411603	0.3664704
2292	-237.7265	-352.9287	115.2022	1.385147	5.784009	0.6242946
2298	-234.3392	-350.087	115.7477	1.385053	3.906329	0.6242946
2304	-227.1933	-343.109	115.9157	1.3276	3.667265	0.5099368
2310	-227.1025	-344.5953	117.4928	1.708433	0.599478	0.6369335
2316	-221.1351	-337.0515	115.9164	1.153456	3.153886	1.061943
2322	-219.4893	-336.2756	116.7863	0.9261723	1.48077	1.287989
2328	-225.2721	-341.9365	116.6644	0.9105885	1.579166	1.341545
2334	-251.4987	-368.7739	117.2752	1.728016	0.5381995	1.015439
2340	-237.1476	-353.3777	116.2302	1.157114	2.611888	0.9845164
2346	-233.5161	-348.8779	115.3618	1.225918	5.361398	0.806171
2352	-246.2543	-362.3907	116.1363	1.366321	2.997696	0.4628714
2358	-240.5247	-357.3063	116.7816	1.351169	1.733211	0.3815043
2364	-228.0402	-343.6123	115.5721	1.913085	2.530158	0.2315526
2370	-237.4912	-353.3231	115.8319	1.595997	3.037896	0.3454463
2376	-233.4147	-349.7661	116.3514	1.711497	1.845328	0.3847109
2382	-244.8609	-360.6464	115.7854	1.928137	2.294468	0.2906533
2388	-245.7428	-360.7288	114.986	1.928137	3.962046	0.2344505
2394	-241.8949	-359.1894	117.2946	2.366902	0.3143865	0.3235409
2400	-237.555	-354.8376	117.2825	2.343354	0.3506864	0.3733412
2406	-242.213	-359.0987	116.8857	2.503818	0.4258571	0.2883753
2412	-240.7327	-357.2883	116.5556	2.503818	0.5697711	0.2383162
2418	-239.6435	-356.0505	116.407	2.503818	0.5697711	0.1844155
2424	-243.5623	-360.607	117.0447	1.774375	0.8607674	0.730781
2430	-239.0291	-356.6182	117.5891	1.872335	0.3572903	0.873896
2436	-244.0936	-361.7738	117.6802	1.912202	0.3762968	0.6056678
2442	-239.5483	-356.7102	117.1619	1.912202	0.6918504	0.3849891
2448	-233.2159	-349.8415	116.6255	1.434485	1.795702	0.3398576
2454	-243.3555	-360.4535	117.098	0.7538827	1.057523	1.458029
2460	-240.6475	-356.2026	115.5551	0.7081046	3.46808	1.612372
2466	-248.8014	-364.8351	116.0338	1.428252	0.5067605	2.19715
2472	-244.4914	-360.1628	115.6714	0.8363283	2.000582	1.918818
2478	-238.526	-354.6217	116.0957	0.7149315	2.614537	1.474026
2484	-235.1956	-352.4121	117.2164	0.8577531	0.9830923	1.342145
2490	-240.1143	-355.5604	115.4461	0.0121355	3.012448	2.278983
2496	-250.055	-366.2588	116.2037	0.02183263	3.302538	1.685201
2502	-239.6802	-355.6678	115.9876	0.3712869	2.482857	1.843644
2508	-239.1071	-355.6082	116.5012	0.1842716	2.80641	1.501669
2514	-232.3795	-349.0466	116.6671	0.6167282	1.797963	1.454032
2520	-235.5373	-352.6214	117.0842	1.068685	1.067469	1.209278
2526	-239.2491	-355.1133	115.8642	0.7353599	3.565613	1.329561
2532	-244.3104	-361.5535	117.2431	0.7612497	1.128854	1.28546
2538	-241.8281	-358.5697	116.7416	1.022541	1.20091	1.424954
2544	-247.6893	-364.3815	116.6922	0.8253591	2.151139	1.086781
2550	-242.7255	-357.3669	114.6414	1.406205	7.252571	0.924499
2556	-235.1349	-351.865	116.7301	1.353596	1.576086	0.8739792
2562	-234.5106	-351.7422	117.2316	1.49979	0.7092345	1.0437
2568	-233.9905	-350.7309	116.7405	0.7905242	2.347964	0.9711788
2574	-236.4878	-352.4711	115.9833	0.7850706	3.695495	1.148141
2580	-235.0457	-351.6217	116.576	1.096565	1.854618	1.104196
2586	-239.3634	-355.5703	116.2069	1.044597	2.64327	1.100791
2592	-245.1622	-360.9214	115.7592	1.572977	3.207972	0.3199055
2598	-244.2798	-360.3859	116.1061	1.516265	2.72603	0.4616838
2604	-250.6255	-367.2978	116.6724	1.516265	1.699332	0.4956908
2610	-249.3554	-365.8009	116.4455	1.392634	2.282983	0.4503458
2616	-245.3869	-361.4782	116.0913	1.5162	2.527477	0.2992389
2622	-240.6557	-357.1822	116.5265	1.360432	2.195044	0.4587171
2628	-242.6649	-359.9524	117.2875	1.153789	1.310641	0.6398091
2634	-240.1111	-355.857	115.7458	1.25998	4.208711	0.680739
2640	-241.2241	-356.0525	114.8285	1.25998	7.921268	0.6949888
2646	-240.7348	-357.1003	116.3655	0.8900639	2.750872	1.050531
2652	-235.3681	-351.0811	115.713	0.5440845	3.587532	1.584482
2658	-230.9177	-347.1177	116.2	1.107866	3.115959	0.8236239
2664	-235.7866	-352.4135	116.6269	0.8965502	2.660765	0.8030808
2670	-243.0815	-360.3412	117.2596	1.091646	1.215426	0.8894596
2676	-244.8622	-361.7856	116.9234	1.222919	1.679409	0.6858838
2682	-237.4234	-353.945	116.5216	0.6667744	1.512752	1.66738
2688	-241.1968	-358.0966	116.8999	1.088617	1.328222	1.154031
2694	-242.7611	-360.2686	117.5075	1.107571	0.5108461	1.387421
2700	-255.5969	-370.6672	115.0703	1.556469	5.698078	0.5688046
2706	-252.0711	-368.2083	116.1371	1.478896	2.674058	0.3815181
2712	-234.4958	-351.7966	117.3008	1.281498	1.139805	0.6523656
2718	-235.9778	-351.9315	115.9537	1.359085	3.256224	0.7377817
2724	-235.4758	-352.4864	117.0106	0.8765384	1.667094	1.016158
2730	-240.9971	-357.0143	116.0172	0.7762499	2.921696	1.37995
2736	-237.4692	-353.9329	116.4637	0.9413534	2.220938	1.153886
2742	-245.8786	-360.9998	115.1212	0.7108932	7.739371	1.044381
2748	-241.7693	-358.1737	116.4044	0.9509852	2.716956	0.9668447
2754	-236.3791	-353.1221	116.743	1.059401	1.723695	1.061476
2760	-230.3651	-346.753	116.3879	0.5761985	2.241693	1.499931
2766	-233.597	-349.1742	115.5772	0.5314009	4.36202	1.499931
2772	-229.6875	-346.5312	116.8437	0.7824051	1.697146	1.233527
2778	-237.1384	-352.9342	115.7958	0.7824051	4.697986	1.022403
2784	-233.2259	-349.3054	116.0795	0.5287004	1.901974	1.890728
2790	-234.6948	-350.2116	115.5168	0.3185005	3.549426	1.890728
2796	-235.8668	-350.9177	115.0509	0.2287516	3.549426	2.257141
2802	-231.4492	-346.9702	115.521	1.031344	3.453216	1.400007
2808	-230.3044	-346.9128	116.6084	1.14962	1.694339	1.120438
2814	-236.087	-352.536	116.4489	1.14962	2.491214	0.8113104
2820	-246.3849	-362.7126	116.3277	1.007879	2.739568	0.976592
2826	-236.3708	-352.7741	116.4032	0.8297359	3.350663	0.7988847
2832	-234.2975	-350.3555	116.058	0.7461945	2.329231	1.584069
2838	-228.9338	-344.5245	115.5907	0.4396943	3.456284	1.780673
2844	-233.7528	-349.9933	116.2405	0.2658783	1.888701	1.964929
2850	-230.7489	-346.8368	116.0879	0.8968359	1.710017	1.71459
2856	-230.5936	-346.3369	115.7433	0.6347625	3.422452	1.541007
2862	-230.8793	-347.2324	116.3531	0.5374226	1.309827	1.980529
2868	-239.3349	-354.2711	114.9362	0.2931252	4.218869	2.14004
2874	-237.6999	-354.3482	116.6483	0.8636924	1.672604	1.340322
2880	-241.1543	-357.2804	116.1261	0.7887072	2.052101	1.613737
2886	-235.7632	-352.5836	116.8205	0.6061552	1.236587	1.652405
2892	-245.6919	-361.3983	115.7064	0.7699162	5.23369	0.9729508
2898	-239.0447	-354.6524	115.6078	0.8960006	4.625263	1.112764
2904	-240.6658	-357.3172	116.6514	1.095322	1.838244	1.04442
2910	-231.9686	-347.5508	115.5822	0.8617631	3.929816	1.350485
2916	-229.0923	-345.5651	116.4728	0.2887489	1.884077	1.792976
2922	-237.8355	-354.2388	116.4032	0.8950656	1.860318	1.412761
2928	-241.918	-357.1081	115.1901	0.3441444	3.459274	2.113977
2934	-226.1413	-341.0076	114.8663	0.05344264	4.732959	2.238287
2940	-226.7369	-341.8562	115.1192	0.3436278	4.732959	1.879301
2946	-235.1072	-351.3047	116.1975	0.3814134	1.978593	1.879301
2952	-244.2785	-360.4632	116.1847	1.175415	2.987521	0.825658
2958	-241.9379	-358.1506	116.2127	1.231671	2.987521	0.7035222
2964	-245.2814	-361.2443	115.9628	1.694256	2.501693	0.7192142
2970	-244.3347	-360.4862	116.1515	0.881527	4.072587	0.7116088
2976	-245.0893	-360.8121	115.7228	0.7539881	4.004315	1.303912
2982	-245.5268	-361.4417	115.9148	1.396017	3.279	0.726541
2988	-239.5884	-356.831	117.2426	1.396017	0.9444732	0.8534227
2994	-242.846	-358.7142	115.8681	1.269953	3.948804	0.5604603
3000	-239.9439	-356.5045	116.5606	1.012221	1.941423	1.146185
3006	-257.6164	-374.8523	117.236	1.406618	1.037833	0.718066
3012	-252.1347	-369.1407	117.006	1.63279	1.115265	0.4531778
3018	-239.429	-357.2428	117.8138	1.214784	0.6936848	0.7186497
3024	-235.9121	-352.6698	116.7577	1.636775	1.407338	0.4603068
3030	-242.271	-358.7255	116.4545	0.6836236	0.9451405	2.03872
3036	-242.5769	-359.3328	116.7558	0.4621381	1.312971	1.755101
3042	-247.463	-364.9696	117.5065	1.271307	0.487007	1.289003
3048	-237.492	-353.7685	116.2765	0.8543787	1.881723	1.529594
3054	-239.1669	-354.7064	115.5394	0.14038	3.277631	2.064509
3060	-238.1756	-354.1777	116.0021	0.05944183	2.304565	2.103638
3066	-237.9452	-353.5753	115.6301	0.02524291	3.190058	2.103638
3072	-236.9999	-352.2451	115.2452	0.3050003	3.153257	2.181968
3078	-245.8101	-362.4259	116.6158	0.2486556	2.324054	1.541714
3084	-244.0658	-360.9584	116.8925	0.3305257	1.878852	1.461663
3090	-239.6059	-355.6575	116.0516	0.6586485	2.355975	1.642083
3096	-246.3326	-362.6063	116.2737	0.3389514	1.967894	1.860578
3102	-239.392	-355.005	115.613	0.6281214	3.687166	1.56961
3108	-243.5235	-360.2836	116.7601	0.9700941	1.512284	1.254247
3114	-230.4079	-346.3142	115.9063	0.308139	2.866545	1.819874
3120	-236.7976	-354.0461	117.2484	1.250926	1.212619	0.6887948
3126	-246.024	-363.5268	117.5028	2.057028	0.3756189	0.6819633
3132	-242.7063	-358.1478	115.4415	0.6044014	3.929177	1.649691
3138	-243.019	-358.8655	115.8465	0.9029112	1.06512	2.214624
3144	-227.0466	-343.1738	116.1272	0.6193376	2.268814	1.648792
3150	-235.9118	-353.3775	117.4657	2.087878	0.4059442	0.4860444
3156	-233.5916	-350.7489	117.1573	2.007968	0.6209648	0.3761934
3162	-230.4561	-347.9963	117.5402	2.007359	0.3961933	0.3960187
3168	-228.6937	-345.3758	116.6821	2.080379	0.952483	0.3716533
3174	-221.5824	-337.4811	115.8986	1.93967	2.176062	0.3432451
3180	-228.5409	-343.2319	114.691	2.077954	4.356544	0.22739
3186	-239.1327	-354.218	115.0853	2.077954	2.953871	0.1859475
3192	-241.6462	-356.5518	114.9056	1.206084	7.116888	0.8844017
3198	-243.2957	-359.3804	116.0847	1.280267	2.87514	0.8786999
3204	-229.9783	-346.1306	116.1523	1.301563	3.100112	0.5691266
3210	-240.2409	-356.0761	115.8352	1.200582	4.005234	0.7430639
3216	-243.7277	-359.6073	115.8796	1.035706	3.604249	1.043385
3222	-247.0806	-364.1297	117.0491	0.7401659	0.7059845	1.78527
3228	-233.7077	-350.6694	116.9617	1.003952	1.241956	1.235058
3234	-231.2617	-347.7389	116.4771	0.473918	1.7549	1.717545
3240	-231.0629	-347.5668	116.5039	1.068792	1.70665	1.272691
3246	-232.3444	-349.0746	116.7302	1.291513	1.08573	1.303864
3252	-239.7517	-355.9181	116.1664	0.8154938	1.71337	1.714989
3258	-242.4672	-357.7755	115.3083	0.6562033	3.710541	1.761367
3264	-235.9055	-352.2984	116.3929	0.6562033	1.990632	1.541616
3270	-230.6173	-346.3796	115.7623	0.5285561	3.41845	1.606022
3276	-223.98	-341.1923	117.2124	0.8479818	1.484309	0.9720068
3282	-242.111	-356.957	114.846	0.9678056	6.557741	1.277961
3288	-236.1936	-351.4016	115.208	0.8094539	7.049562	1.000029
3294	-236.1488	-350.4041	114.2553	1.373228	10.11565	0.8157925
3300	-230.6112	-347.3094	116.6982	1.204182	1.926812	0.8157925
3306	-236.3445	-351.9013	115.5568	1.083604	5.138419	0.8157925
3312	-236.0674	-352.1989	116.1315	0.5790988	3.539412	1.2467
3318	-234.7956	-351.0039	116.2083	0.7736473	2.685072	1.314514
3324	-242.2401	-357.8961	115.656	1.146328	4.819863	0.7106915
3330	-234.0556	-351.2331	117.1775	1.127154	1.015457	1.120414
3336	-242.1881	-358.1021	115.914	0.6404729	3.634186	1.345499
3342	-230.8716	-346.5762	115.7046	1.289174	4.302295	0.6441214
3348	-231.895	-346.4995	114.6045	1.42292	7.970161	0.7759174
3354	-235.0904	-351.0659	115.9755	1.430385	3.224305	0.5573927
3360	-238.5577	-353.3166	114.7589	1.430385	7.28471	0.3202273
3366	-230.341	-347.3993	117.0583	1.378904	1.304799	0.6591854
3372	-231.0043	-347.4506	116.4463	1.428156	2.147169	0.6601062
3378	-237.1526	-354.5078	117.3552	1.475922	0.8703964	0.6925925
3384	-237.1072	-353.6589	116.5517	1.350742	2.014141	0.7433391
3390	-238.0785	-354.038	115.9595	1.022049	2.523478	1.376055
3396	-232.9642	-349.7754	116.8112	0.8302941	1.428846	1.376055
3402	-237.4269	-354.6531	117.2262	0.8243167	1.307416	1.113671
3408	-241.9003	-358.8258	116.9254	0.820904	1.620988	1.174928
3414	-252.3082	-367.7238	115.4156	0.8027503	6.777102	0.8439852
3420	-241.8033	-356.804	115.0007	0.8860955	4.137808	1.71328
3426	-238.4368	-354.9278	116.491	0.6294943	2.382046	1.32179
3432	-236.925	-352.7745	115.8495	0.8182766	2.382046	1.662941
3438	-236.1136	-352.1233	116.0097	0.3810691	3.071437	1.633931
3444	-240.8442	-357.83	116.9858	0.6950769	0.8821483	1.714385
3450	-239.9455	-355.7407	115.7951	0.889726	3.521458	1.273606
3456	-241.6333	-357.3845	115.7512	0.707193	4.666515	1.14248
3462	-235.7387	-352.9942	117.2555	0.6826832	0.9480934	1.475444
3468	-239.4338	-355.9439	116.5101	0.922414	1.536751	1.475444
3474	-244.1489	-360.7809	116.632	0.3686622	2.321962	1.440033
3480	-240.5541	-356.5335	115.9794	0.8021888	3.21116	1.292822
3486	-241.9515	-357.7596	115.8081	0.5842588	3.136129	1.613488
3492	-243.3156	-359.7743	116.4587	0.3105097	1.861018	1.797538
3498	-234.9794	-351.306	116.3266	0.8968954	2.329165	1.259937
3504	-234.8959	-351.5897	116.6938	0.7632553	2.448543	0.9944024
3510	-236.889	-354.2085	117.3196	0.5496635	1.362568	1.233081
3516	-231.0887	-347.725	116.6363	0.6877448	1.643326	1.500803
3522	-225.7474	-342.5964	116.8489	1.05465	1.648277	1.012615
3528	-230.9512	-346.9985	116.0473	0.5647099	3.060756	1.47404
3534	-234.3184	-350.3467	116.0283	1.374098	3.119661	0.6792607
3540	-240.7627	-357.9397	117.177	1.733934	0.8067128	0.6792607
3546	-234.4781	-352.2578	117.7797	1.161834	0.6665742	0.8833494
3552	-237.7842	-354.2754	116.4912	1.078003	0.6998747	1.941094
3558	-237.5576	-353.5134	115.9558	0.973742	1.334238	1.941094
3564	-231.8491	-349.5738	117.7247	1.386935	0.6812447	0.5651625
3570	-235.3818	-350.5153	115.1334	0.4213065	2.878924	2.254004
3576	-234.4551	-349.313	114.8578	0.3646788	3.550823	2.293434
3582	-239.3941	-355.4331	116.039	0.1685097	2.767659	1.855015
3588	-238.983	-353.4204	114.4374	0.5147805	3.388209	2.503032
3594	-233.3741	-350.1385	116.7644	0.930288	1.613005	1.223942
3600	-242.0065	-357.3401	115.3336	0.5804386	6.279532	1.247516
3606	-236.2109	-352.363	116.1521	0.4652326	3.407349	1.362802
3612	-238.6355	-354.7951	116.1596	0.6143349	2.583036	1.512836
3618	-244.8057	-362.3466	117.5409	0.1073829	1.590219	1.275936
3624	-237.0352	-353.6582	116.623	0.8952656	2.113197	1.105543
3630	-229.7643	-346.0775	116.3132	1.340786	2.51985	0.7096126
3636	-234.0984	-349.6139	115.5155	1.350037	4.60741	0.7096126
3642	-233.7168	-350.9032	117.1863	1.720784	0.8515719	0.5483119
3648	-238.8176	-355.3438	116.5262	0.7486999	2.103533	1.317768
3654	-252.9748	-369.9551	116.9803	1.072143	1.490923	0.9751412
3660	-240.5686	-356.9819	116.4133	1.021612	2.545225	0.9684624
3666	-237.4035	-352.9186	115.5151	1.115891	4.640177	0.9869734
3672	-244.6997	-360.7285	116.0288	1.166826	3.063075	0.9752251
3678	-239.2547	-356.2735	117.0187	1.166826	1.632185	0.6724427
3684	-236.3167	-352.8018	116.4852	0.9807783	2.833401	0.7740387
3690	-232.2992	-348.9597	116.6604	0.7914834	2.333097	1.056819
3696	-234.9038	-351.4567	116.5529	0.8398575	1.858908	1.339252
3702	-236.9227	-353.3673	116.4446	0.925326	1.378098	1.609951
3708	-238.8569	-354.3059	115.449	0.7993807	2.759134	1.829658
3714	-237.1286	-352.9173	115.7887	0.9032886	2.759134	1.5127
3720	-233.2816	-349.0906	115.809	0.922707	3.303986	1.303379
3726	-242.4528	-358.2037	115.7509	0.541442	2.569668	1.860218
3732	-247.2308	-361.937	114.7062	1.814904	6.159806	0.5298183
3738	-243.8756	-359.526	115.6504	1.661795	3.207087	0.3031113
3744	-251.0203	-366.0124	114.9921	0.2084237	5.02343	2.000044
3750	-237.37	-354.9667	117.5967	1.588549	0.4706518	0.9429081
3756	-237.2097	-353.6291	116.4194	1.135202	2.65971	0.7604674
3762	-241.8089	-357.5537	115.7447	1.129847	3.246197	1.203568
3768	-237.6631	-354.1392	116.4761	1.321751	1.813891	1.009518
3774	-235.5626	-350.9644	115.4018	1.377537	5.149139	0.5080679
3780	-240.574	-356.34	115.7659	1.377537	3.935078	0.4469469
3786	-239.0929	-355.3515	116.2586	1.517002	2.41027	0.4692378
3792	-239.3987	-356.4246	117.0259	1.058848	1.050645	1.279686
3798	-242.3369	-358.7865	116.4496	1.149399	1.482076	1.378002
3804	-242.2689	-357.2348	114.9659	1.404231	6.596914	0.6798828
3810	-236.7294	-352.3939	115.6645	1.595407	3.598132	0.4365114
3816	-233.1307	-349.313	116.1823	1.455853	2.691908	0.4620914
3822	-244.5289	-358.9161	114.3872	1.849303	7.453185	0.4535907
3828	-227.9895	-343.591	115.6015	1.816004	2.82299	0.2654457
3834	-226.2128	-342.9355	116.7227	1.816004	1.232562	0.4804366
3840	-227.5886	-343.9786	116.39	1.708138	1.79966	0.3961116
3846	-229.5326	-345.0477	115.5151	1.401024	4.377208	0.7416463
3852	-257.5273	-373.888	116.3607	0.869225	2.358871	1.241785
3858	-254.3923	-371.6084	117.2161	1.142642	1.007058	1.078493
3864	-235.6754	-353.1651	117.4897	1.535984	0.6801278	0.7510914
3870	-224.584	-340.5216	115.9376	1.416891	3.365162	0.5326873
3876	-237.353	-353.916	116.563	1.248078	2.077988	0.8192196
3882	-234.655	-350.9292	116.2742	1.248078	2.752938	0.7444873
3888	-235.743	-350.7342	114.9912	1.572586	5.979491	0.5338865
3894	-229.5579	-345.8411	116.2833	1.11828	3.05854	0.7248288
3900	-237.7202	-354.1166	116.3963	1.060323	3.05854	0.6157122
3906	-235.34	-352.7351	117.3951	0.9063263	0.9297357	1.20025
3912	-236.7032	-353.5104	116.8072	1.636476	1.294534	0.3661294
3918	-231.0855	-348.5324	117.4469	1.239983	0.7342524	1.055821
3924	-235.8553	-353.1132	117.2579	1.008173	1.408609	0.800935
3930	-235.0791	-351.4623	116.3832	1.456314	2.242619	0.6211335
3936	-244.0142	-360.837	116.8228	1.718862	1.200694	0.6211335
3942	-256.1877	-373.6589	117.4711	1.797981	0.4665276	0.8564516
3948	-243.3327	-358.5227	115.19	0.9810009	5.049208	1.293144
3954	-246.6693	-362.6316	115.9624	1.065914	3.191455	1.086558
3960	-243.1098	-359.1285	116.0187	0.7988667	1.901199	1.746649
3966	-235.2244	-351.0347	115.8103	0.3980109	2.390976	1.976886
3972	-238.5463	-354.381	115.8346	0.3499865	2.43773	1.976886
3978	-235.0662	-350.8151	115.7488	0.4358026	2.43773	1.976886
3984	-236.2896	-353.3324	117.0429	0.4603613	1.347746	1.52975
3990	-239.9451	-356.4612	116.5161	0.2969297	1.247167	2.066516
3996	-245.1813	-360.3428	115.1615	0.6693759	2.90624	2.066516
4002	-237.9937	-355.5792	117.5855	1.297369	0.5869798	1.059846
4008	-239.2138	-355.2131	115.9993	1.177995	3.667702	0.7044913
4014	-242.4157	-359.3083	116.8926	1.010467	1.909029	0.828698
4020	-242.5612	-358.149	115.5878	0.9877447	5.341358	0.828698
4026	-241.1227	-358.18	117.0573	1.553233	1.084231	0.6970326
4032	-249.0343	-365.5428	116.5085	1.755597	1.58459	0.461554
4038	-243.5058	-359.0325	115.5266	1.599124	3.824423	0.3440168
4044	-247.045	-362.5382	115.4933	1.768674	3.599046	0.4453552
4050	-244.576	-361.1582	116.5821	1.368851	1.926493	0.7486126
4056	-243.332	-360.4911	117.1591	1.463054	1.032046	0.7584964
4062	-240.1419	-357.1086	116.9667	1.670806	1.032039	0.7351831
4068	-240.6504	-357.046	116.3956	1.408304	2.34867	0.5523948
4074	-238.5231	-354.3731	115.85	1.002199	3.430575	1.160651
4080	-239.0121	-354.2675	115.2553	0.9282056	3.83905	1.572428
4086	-227.6005	-342.9398	115.3393	0.4306364	4.230684	1.774076
4092	-229.1532	-344.5663	115.4131	0.7199801	4.230684	1.512888
4098	-230.8265	-346.1616	115.3351	0.341972	3.936428	1.904743
4104	-240.4306	-355.97	115.5394	0.5069911	3.049419	1.881173
4110	-232.9162	-349.1555	116.2393	0.6817155	2.271331	1.520279
4116	-236.6908	-351.9619	115.2712	0.5555417	4.373176	1.702484
4122	-237.9557	-353.949	115.9933	1.014485	3.16586	1.114855
4128	-245.9717	-361.5254	115.5537	0.7100352	4.045691	1.460063
4134	-247.1869	-362.393	115.206	0.7100352	4.604738	1.587283
4140	-238.7841	-354.9391	116.155	0.6522962	2.314699	1.587283
4146	-237.7534	-353.9861	116.2327	0.9176607	2.229951	1.361511
4152	-239.5621	-354.4524	114.8903	0.6649102	4.810584	1.800374
4158	-241.6195	-357.5587	115.9391	1.001894	4.044357	0.8527373
4164	-230.5852	-347.1717	116.5865	1.154898	2.357079	0.6997355
4170	-232.9708	-347.9923	115.0215	0.5735773	3.435519	2.079968
4176	-239.6624	-355.207	115.5446	0.6416808	2.362659	2.001256
4182	-247.479	-364.2822	116.8032	1.17124	1.369604	1.137216
4188	-244.7476	-360.6659	115.9183	0.7412461	3.575423	1.277969
4194	-243.408	-358.7863	115.3783	0.6214791	2.203586	2.179119
4200	-245.9169	-361.4217	115.5048	0.5845768	3.278218	1.787595
4206	-242.9523	-359.1544	116.2021	0.7663901	3.278218	1.109618
4212	-241.0905	-357.1578	116.0673	0.6079574	2.898609	1.478633
4218	-235.3677	-351.3918	116.0241	0.5099937	3.100534	1.520113
4224	-250.9417	-366.6784	115.7368	0.7194662	4.67463	1.142268
4230	-246.9254	-364.1657	117.2403	0.8131448	1.560237	0.9208614
4236	-228.2298	-344.6045	116.3747	1.152203	2.622073	0.8222538
4242	-237.8685	-353.0107	115.1423	1.505774	5.611534	0.4347895
4248	-237.6148	-352.8831	115.2683	1.495486	5.190137	0.5489964
4254	-242.7307	-358.2696	115.5389	0.8482461	4.99802	1.120644
4260	-243.6584	-359.4008	115.7423	0.5268889	3.935184	1.484136
4266	-248.2433	-363.043	114.7997	0.7007211	5.963564	1.623584
4272	-247.7164	-363.0096	115.2932	0.4156591	4.285425	1.804305
4278	-237.7316	-353.7155	115.9839	0.4157285	2.516037	1.804305
4284	-239.8249	-356.4021	116.5772	1.190656	1.955815	0.9510464
4290	-241.1277	-356.5298	115.4021	0.8338137	5.128222	1.221093
4296	-233.5086	-350.1203	116.6117	1.130461	1.968611	0.9698726
4302	-235.7833	-352.4386	116.6554	0.7002413	2.145339	1.232103
4308	-232.3209	-348.4857	116.1648	0.7001056	3.30491	1.191921
4314	-235.1496	-352.0147	116.8651	0.8177528	1.784716	1.134768
4320	-237.8847	-353.2928	115.4081	1.058246	6.186281	0.6757203
4326	-237.6776	-353.4687	115.7911	0.9679536	4.183782	1.000876
4332	-235.7257	-351.1448	115.4191	1.224883	4.484615	1.020869
4338	-236.3859	-352.6768	116.291	0.9427417	2.664166	1.108133
4344	-227.8049	-343.7067	115.9017	1.019192	3.736884	0.9907418
4350	-225.6981	-340.2004	114.5023	1.02773	6.918226	1.440026
4356	-226.106	-342.9087	116.8026	0.9357031	1.143236	1.483615
4362	-226.6499	-339.9236	113.2737	0.9322101	13.2107	1.670299
4368	-222.9311	-339.0627	116.1317	0.7734194	2.004178	1.640837
4374	-225.8862	-342.1767	116.2905	0.8179233	2.547506	1.264561
4380	-240.674	-355.2351	114.5611	0.7929939	6.702759	1.605953
4386	-237.1505	-352.4969	115.3464	0.5154941	3.889308	1.789101
4392	-240.427	-356.3462	115.9192	0.5752201	3.227798	1.511102
4398	-236.2674	-350.7737	114.5064	0.7011674	6.147852	1.799365
4404	-229.53	-344.6571	115.1271	0.439468	3.857749	1.997218
4410	-241.4512	-357.0633	115.6121	0.389735	2.715563	2.009859
4416	-239.1393	-354.5925	115.4532	0.5182794	3.406821	1.834423
4422	-238.6916	-354.6556	115.964	0.9504828	0.8900368	2.223247
4428	-229.2775	-344.4484	115.1709	0.4557799	2.824194	2.223247
4434	-244.1826	-360.4904	116.3078	0.9101735	2.877088	1.032377
4440	-241.457	-358.0051	116.5482	0.9882339	2.177299	1.055557
4446	-237.6657	-353.4775	115.8118	0.8423689	4.27682	1.073322
4452	-236.67	-352.4046	115.7346	0.584607	3.899867	1.455381
4458	-243.0423	-359.0524	116.0101	0.8352219	2.452238	1.507332
4464	-237.8861	-354.5012	116.6151	1.038659	1.59619	1.267981
4470	-232.1733	-347.5632	115.3899	0.8408574	3.707637	1.571819
4476	-239.9594	-356.9331	116.9737	1.326939	0.9405528	1.191138
4482	-237.2057	-354.5088	117.303	1.234604	0.710461	1.216315
4488	-231.8394	-349.093	117.2535	1.302453	1.056725	0.8164254
4494	-234.529	-349.3782	114.8492	1.110885	5.723912	1.319694
4500	-234.4654	-350.9904	116.525	1.180198	2.075648	0.9433654
4506	-239.4124	-356.559	117.1467	1.022827	1.576434	0.76322
4512	-248.0466	-363.4867	115.4401	1.721725	3.58684	0.2998557
4518	-252.7768	-370.3603	117.5835	1.721725	0.5071408	0.7113971
4524	-252.564	-368.3199	115.7559	1.634489	3.269133	0.4580287
4530	-244.8002	-361.2822	116.482	1.682904	1.734223	0.4815108
4536	-236.1327	-351.4741	115.3414	1.494675	4.942561	0.478456
4542	-231.0524	-347.2203	116.1679	1.161243	3.239326	0.7224394
4548	-236.6809	-352.6937	116.0128	1.23457	3.361836	0.7731975
4554	-249.5873	-365.6948	116.1075	0.9415587	2.137377	1.478829
4560	-247.5047	-363.1881	115.6834	1.311418	4.327839	0.6225224
4566	-253.3904	-369.3735	115.9831	1.252117	3.328132	0.8075468
4572	-245.2557	-361.71	116.4543	1.291332	2.464758	0.5497275
4578	-249.9876	-366.6587	116.6712	1.426229	1.838044	0.5292865
4584	-244.0065	-360.3757	116.3692	0.8626499	1.894101	1.447856
4590	-240.8782	-357.4522	116.5741	1.515084	1.840773	0.4387086
4596	-242.5571	-357.5874	115.0303	1.40126	5.976759	0.8066327
4602	-242.1995	-357.4688	115.2694	1.281382	5.976759	0.5943682
4608	-239.2927	-356.0948	116.802	1.079609	1.820537	0.9179907
4614	-246.5999	-362.2763	115.6763	0.9504117	4.553953	1.01703
4620	-241.2786	-357.7833	116.5047	0.2422803	3.010214	1.386676
4626	-238.9536	-353.136	114.1823	0.6902444	6.199843	2.018058
4632	-230.0857	-346.6488	116.563	0.530239	2.261393	1.393131
4638	-237.4458	-353.4482	116.0024	0.7229591	2.261393	1.666777
4644	-239.9836	-355.7211	115.7376	1.08534	3.628552	1.121042
4650	-240.564	-356.2874	115.7234	0.8269991	3.058641	1.520945
4656	-240.9717	-357.4019	116.4302	0.839777	0.8316057	2.033571
4662	-237.579	-354.1072	116.5282	1.19573	0.9958661	1.598117
4668	-239.9506	-356.1688	116.2182	0.844063	1.986655	1.533606
4674	-236.6585	-350.6011	113.9426	1.244146	11.01976	1.132852
4680	-234.3868	-349.3393	114.9526	1.058148	7.672326	0.8706987
4686	-227.1407	-343.0648	115.9241	1.206328	3.190637	0.9882293
4692	-257.4	-370.9242	113.5242	0.6124456	6.250164	2.484024
4698	-242.9756	-358.8816	115.906	0.6260165	2.890855	1.587486
4704	-240.7871	-356.9342	116.1471	0.6513127	2.331304	1.587486
4710	-236.0088	-352.4772	116.4684	1.26076	2.219516	0.8236259
4716	-240.2894	-356.5583	116.2688	0.688187	2.742185	1.313455
4722	-235.0541	-351.8552	116.8011	0.8949164	1.516113	1.280202
4728	-239.603	-355.6577	116.0547	0.6569408	3.204401	1.35127
4734	-240.0164	-354.8992	114.8829	0.7657005	5.840241	1.537299
4740	-238.7842	-355.7683	116.984	1.279289	1.145238	1.044993
4746	-239.6557	-356.5281	116.8724	1.412044	1.251245	0.9296981
4752	-236.5272	-351.8827	115.3555	0.6168752	3.519228	1.804486
4758	-237.3255	-352.3417	115.0162	0.6748595	4.340606	1.804486
4764	-240.8201	-357.0086	116.1885	0.3096131	2.428609	1.766034
4770	-247.1872	-363.1705	115.9833	1.030272	3.731329	0.8941206
4776	-242.2633	-357.7175	115.4543	1.030272	4.925873	1.049194
4782	-244.9077	-361.4524	116.5447	0.6844609	2.863324	1.027386
4788	-238.2463	-353.6833	115.437	0.6832182	2.863324	1.885379
4794	-233.5714	-350.5402	116.9689	0.740228	1.948159	1.015514
4800	-230.0344	-346.5316	116.4971	0.5854635	1.433826	1.783235
4806	-230.95	-347.0935	116.1434	0.4746663	1.661665	1.988111
4812	-235.8128	-351.6496	115.8368	0.4535347	3.088379	1.700671
4818	-234.3203	-349.476	115.1558	0.7719757	5.276734	1.436148
4824	-241.6291	-357.9599	116.3309	1.095373	2.594577	0.9527662
4830	-236.8714	-353.9328	117.0614	1.176995	0.9077615	1.272805
4836	-242.4264	-359.0834	116.657	0.8580612	2.081646	1.12459
4842	-245.8397	-362.1339	116.2942	0.611113	1.574614	1.834417
4848	-234.0063	-351.1654	117.1591	1.209216	0.8209131	1.24542
4854	-238.3862	-356.4664	118.0802	1.788377	0.1945884	0.8715203
4860	-245.5779	-362.9583	117.3804	2.142751	0.2140092	1.157478
4866	-241.2907	-358.3336	117.0428	1.862316	0.8469373	0.5799784
4872	-237.43	-354.7976	117.3677	1.597653	0.801233	0.4556223
4878	-238.4541	-354.5468	116.0927	1.529182	2.682737	0.3990966
4884	-235.7799	-352.1661	116.3861	0.6448159	2.189077	1.471005
4890	-244.1885	-360.3747	116.1862	0.4975098	2.300119	1.681843
4896	-236.176	-352.5184	116.3425	1.00177	2.815374	0.9314856
4902	-243.1732	-358.4568	115.2836	0.8353523	6.41296	1.037568
4908	-230.9582	-347.6069	116.6487	0.851887	1.928035	1.215863
4914	-231.444	-348.1959	116.752	0.4031511	2.289956	1.332346
4920	-238.4686	-355.7038	117.2352	0.6699252	1.734662	0.952105
4926	-250.4476	-366.5903	116.1427	0.6488023	3.480471	1.196971
4932	-229.7624	-345.852	116.0897	0.8632161	3.332805	1.104281
4938	-234.3359	-350.173	115.8371	0.3999771	2.779126	1.831174
4944	-234.0795	-350.443	116.3636	0.8223017	2.01766	1.426521
4950	-238.0727	-353.4134	115.3407	0.9295002	5.348667	1.139701
4956	-229.6741	-346.6551	116.981	0.8985903	1.708702	0.995981
4962	-236.3036	-352.1892	115.8856	0.8189263	4.193377	1.051025
4968	-235.3942	-351.4469	116.0528	0.8056662	2.924387	1.327536
4974	-242.5058	-358.9674	116.4616	1.240838	2.560857	0.5192227
4980	-240.6273	-357.4873	116.86	1.284185	1.266013	1.058568
4986	-239.8325	-355.6704	115.8378	0.9677474	4.207568	0.9451116
4992	-238.5847	-355.5385	116.9538	0.5775785	2.215289	1.040539
4998	-234.2484	-351.0308	116.7824	0.7085175	0.9321001	1.809534
5004	-238.3009	-355.1052	116.8043	0.9055339	1.686328	1.167981
5010	-241.921	-358.4675	116.5465	0.4078534	1.706491	1.737599
5016	-238.0488	-354.9049	116.8561	0.8255054	1.13841	1.529351
5022	-242.9231	-358.86	115.9368	0.372154	2.886771	1.748038
5028	-238.8	-356.068	117.268	0.9230729	1.442609	0.8624298
5034	-242.774	-360.3148	117.5408	1.122983	1.002021	0.7403892
5040	-232.1417	-349.6843	117.5426	1.419814	0.588167	0.9801395
5046	-235.7931	-353.1119	117.3188	1.348463	1.026688	0.6944566
5052	-230.8699	-348.2315	117.3617	1.756855	0.6819087	0.493815
5058	-234.1589	-350.9038	116.7449	1.739613	1.223837	0.698113
5064	-227.9775	-343.8599	115.8824	1.558593	3.136944	0.4455844
5070	-235.6463	-351.3429	115.6966	1.59921	3.474307	0.4089045
5076	-236.8979	-352.7584	115.8604	1.59921	3.061663	0.4089045
5082	-230.6233	-347.1633	116.54	1.551774	1.819458	0.4089045
5088	-233.619	-350.6319	117.0129	1.751793	0.9681817	0.4031551
5094	-241.0205	-356.6499	115.6294	0.9975965	4.233149	1.111226
5100	-249.2346	-364.6468	115.4121	0.6020034	5.769748	1.266283
5106	-233.7909	-350.1091	116.3183	0.535012	2.195187	1.600268
5112	-235.6619	-351.8317	116.1698	1.273242	3.139539	0.5417534
5118	-231.8671	-348.3195	116.4523	1.10072	2.463481	0.8836285
5124	-240.7927	-357.3282	116.5355	0.9853493	2.319983	0.9962166
5130	-234.3196	-351.414	117.0944	1.169774	0.7347816	1.412258
5136	-238.2505	-354.7683	116.5178	1.205986	2.500251	0.5696399
5142	-233.3235	-350.2587	116.9352	0.9165047	1.546445	1.128215
5148	-233.4249	-349.6408	116.2159	0.8201599	1.97446	1.558282
5154	-237.4888	-353.8236	116.3348	1.224375	2.609142	0.7876652
5160	-242.4527	-358.4254	115.9727	1.445776	3.140777	0.6263388
5166	-233.0894	-349.639	116.5496	1.445776	1.950566	0.3794596
5172	-238.8804	-354.1789	115.2985	0.5368729	2.776814	2.101371
5178	-240.0387	-354.6867	114.6481	0.7527147	5.428246	1.789526
5184	-228.598	-344.8214	116.2234	0.891584	3.275632	0.9692895
5190	-230.2737	-347.3614	117.0877	0.5261634	1.515785	1.346758
5196	-230.7383	-345.8894	115.1511	0.6159036	6.851936	1.263109
5202	-230.3287	-346.4955	116.1667	0.7328304	1.766932	1.748263
5208	-229.9209	-346.6675	116.7466	0.8268494	1.766932	1.239296
5214	-245.0024	-361.1523	116.1499	1.249407	2.973554	0.7817202
5220	-244.1296	-361.3511	117.2214	1.378665	1.025982	0.797613
5226	-239.2035	-355.7428	116.5393	0.9760132	1.71368	1.315691
5232	-228.8727	-345.8062	116.9335	0.8611027	1.389418	1.277572
5238	-231.7328	-348.9293	117.1965	0.7183324	0.8448562	1.576234
5244	-231.6251	-349.0204	117.3953	1.069749	1.053152	0.9272228
5250	-235.672	-352.4193	116.7472	1.236827	1.506349	1.031975
5256	-231.4071	-347.7198	116.3127	0.6295747	2.434518	1.440685
5262	-252.6719	-368.258	115.5861	0.6795186	2.434518	1.92353
5268	-245.4975	-359.5831	114.0857	0.6559935	4.572536	2.382363
5274	-237.2938	-352.608	115.3142	0.5694399	4.733139	1.583147
5280	-237.0469	-353.3379	116.291	0.8568778	2.320766	1.325196
5286	-231.6865	-347.2614	115.5749	1.216026	3.090414	1.325196
5292	-237.4647	-353.8742	116.4095	1.161609	1.278938	1.520916
5298	-231.5251	-348.1824	116.6574	0.8010137	2.040867	1.194975
5304	-236.3708	-352.1113	115.7405	1.184073	2.334161	1.492955
5310	-248.8791	-364.9495	116.0704	1.055234	1.489787	1.723801
5316	-246.6868	-362.9968	116.31	1.055234	1.489787	1.551258
5322	-244.6481	-360.7522	116.1041	1.024712	2.971394	1.078196
5328	-246.6536	-363.5566	116.903	0.854956	1.758382	1.081851
5334	-241.2741	-357.6325	116.3584	0.854956	2.691516	1.115055
5340	-240.4384	-356.1401	115.7017	0.8965167	3.058017	1.485326
5346	-237.9649	-352.7188	114.7539	0.1820099	3.959289	2.383534
5352	-240.8822	-357.4477	116.5654	1.165412	1.968947	0.9813011
5358	-246.48	-362.9378	116.4578	0.9768977	2.229339	1.123427
5364	-245.5359	-360.904	115.3681	1.583012	4.552753	0.4946253
5370	-242.5364	-359.1635	116.6271	1.514926	1.742756	0.6008895
5376	-241.3038	-358.6282	117.3244	1.514926	0.8037157	0.7963094
5382	-240.5963	-357.9426	117.3463	1.451822	0.4398429	1.338984
5388	-236.1224	-352.5633	116.4409	1.290396	2.360354	0.7139758
5394	-239.464	-356.3135	116.8495	1.423421	1.00129	1.161235
5400	-231.5366	-349.1037	117.5671	1.385146	0.7276895	0.7683389
5406	-241.8282	-358.1696	116.3414	1.216076	2.311508	0.9633656
5412	-232.3987	-349.1091	116.7104	0.9512876	2.123307	0.9609017
5418	-237.5993	-353.2783	115.679	1.147552	4.646203	0.7529792
5424	-243.6449	-359.1598	115.5148	0.5668669	4.354449	1.521834
5430	-236.2405	-351.2907	115.0503	1.490177	5.875281	0.356935
5436	-239.2778	-355.4441	116.1663	1.490177	2.639558	0.5707719
5442	-229.0212	-345.0426	116.0214	1.720555	2.345786	0.3369387
5448	-235.5757	-351.3468	115.7711	1.835177	2.345786	0.2445338
5454	-231.452	-347.1952	115.7433	1.38373	3.926893	0.6211471
5460	-246.479	-362.3571	115.8781	0.011563	2.821787	2.05229
5466	-239.455	-354.6464	115.1914	0.03926959	4.646037	2.05229
5472	-241.3913	-356.7389	115.3476	1.344891	5.474845	0.5064109
5478	-239.0461	-354.2655	115.2194	1.186719	6.186807	0.7729867
5484	-233.0215	-349.1624	116.1409	0.8474773	2.641476	1.325747
5490	-240.5323	-357.3715	116.8392	0.7972613	1.152692	1.553217
5496	-239.7541	-356.5166	116.7625	0.9742485	1.578566	1.208708
5502	-235.5336	-352.1531	116.6194	0.8968913	1.799953	1.269126
5508	-240.7647	-357.5755	116.8108	0.7654482	0.9040251	1.771095
5514	-241.034	-358.1088	117.0748	0.9573156	0.8088248	1.52025
5520	-245.6002	-361.7595	116.1593	0.8946028	2.410241	1.363405
5526	-236.6967	-353.9092	117.2125	0.6355559	1.626242	1.080229
5532	-239.6254	-356.5051	116.8797	0.7791337	2.006384	1.030956
5538	-237.8546	-353.9009	116.0462	1.103595	3.582854	0.7926009
5544	-241.9849	-358.4328	116.4479	1.428099	2.133067	0.67277
5550	-244.0959	-360.5512	116.4554	1.257206	2.452524	0.6628606
5556	-234.566	-350.5996	116.0336	1.623031	2.616867	0.4071406
5562	-239.4421	-356.8149	117.3728	1.451509	0.7841129	0.8453627
5568	-233.9774	-349.9292	115.9518	0.8798161	3.286444	1.226479
5574	-245.8648	-362.4414	116.5767	1.334368	1.798966	0.9005464
5580	-241.0823	-356.8032	115.7209	1.391449	3.849587	0.7053652
5586	-231.2582	-347.7162	116.458	1.48618	1.983013	0.7053652
5592	-245.4149	-361.1092	115.6944	1.093299	4.213699	0.9618407
5598	-239.6631	-356.1453	116.4822	1.093299	2.547954	0.8051666
5604	-240.2552	-356.6006	116.3454	0.7710673	3.01374	1.072936
5610	-250.1099	-365.8836	115.7736	0.15741	2.425452	2.148351
5616	-254.8079	-370.153	115.3452	0.1899388	2.425452	2.402168
5622	-246.2114	-361.637	115.4256	0.5929948	5.253156	1.370453
5628	-248.0926	-363.5587	115.4661	0.3607655	3.114479	2.010744
5634	-247.3845	-362.6092	115.2247	0.6647792	3.978043	1.748776
5640	-242.2363	-359.5795	117.3432	1.883799	0.5606181	0.7006076
5646	-241.1406	-358.0302	116.8896	0.9701899	1.440658	1.189681
5652	-245.1363	-359.8348	114.6985	0.629023	7.69437	1.47303
5658	-237.3384	-352.0056	114.6672	1.043285	7.074293	1.270663
5664	-233.5211	-349.5843	116.0632	0.8106909	3.408272	1.149056
5670	-234.2687	-349.5273	115.2587	1.54694	4.956198	0.6266831
5676	-236.1062	-353.087	116.9808	1.237593	1.444041	0.8276696
5682	-239.2179	-355.1873	115.9694	1.237593	3.637302	0.6701694
5688	-236.6339	-352.5663	115.9324	1.081988	4.074532	0.7405036
5694	-238.0378	-353.5952	115.5574	0.8260391	4.784068	1.178007
5700	-228.8309	-345.1049	116.274	0.8868826	2.597514	1.200196
5706	-235.6687	-352.5304	116.8617	0.4775852	1.330855	1.659036
5712	-242.9963	-358.8691	115.8728	1.118206	3.80324	0.8909019
5718	-240.0841	-355.8862	115.8021	1.269989	4.08786	0.6232379
5724	-243.5032	-360.4378	116.9347	1.292237	1.639688	0.5330092
5730	-238.056	-354.9468	116.8909	1.412509	1.525205	0.5581558
5736	-235.3951	-352.0342	116.6391	1.203315	2.27295	0.5581558
5742	-233.5852	-348.0712	114.4859	1.203315	10.33111	0.6713545
5748	-234.7681	-349.2836	114.5155	1.086196	10.33111	0.8074179
5754	-232.8577	-349.6543	116.7966	0.9100526	1.876143	1.060091
5760	-231.6414	-349.2141	117.5727	1.601594	0.3725049	1.130636
5766	-236.4358	-354.1922	117.7564	1.792071	0.32121	0.8628078
5772	-229.7437	-347.6318	117.8881	1.82177	0.32121	0.602803
5778	-235.9195	-353.8514	117.9319	1.88371	0.1898256	0.9466064
5784	-240.6315	-357.8681	117.2366	1.737301	0.7803692	0.6080782
5790	-233.1391	-350.2258	117.0868	0.9727729	1.521654	0.9442281
5796	-231.5838	-348.0619	116.4781	0.8861753	2.058349	1.265826
5802	-228.0534	-344.6412	116.5877	0.6737441	1.834593	1.453385
5808	-221.6432	-337.5655	115.9223	0.1539889	1.918214	2.235459
5814	-233.0778	-348.7705	115.6926	0.014755	3.961487	1.878348
5820	-227.8192	-342.7167	114.8976	0.01007089	3.952842	2.402827
5826	-223.8151	-339.631	115.8159	0.0108123	2.689231	2.13326
5832	-219.3271	-335.8776	116.5505	0.00840174	2.156717	1.823245
5838	-229.5552	-345.8046	116.2494	0.01430065	2.512511	1.898639
5844	-236.7369	-352.9113	116.1744	0.041175	2.386588	1.973488
5850	-230.7759	-346.5722	115.7963	0.2507062	3.861461	1.665575
5856	-237.5936	-353.5337	115.9401	0.6860622	3.519792	1.321848
5862	-245.5281	-361.4251	115.897	0.7381262	4.22435	1.106383
5868	-242.3003	-357.7574	115.4571	1.25452	3.751865	1.180258
5874	-261.1843	-377.208	116.0238	0.5778357	3.522595	1.340704
5880	-245.225	-361.613	116.388	0.7552816	2.515561	1.248503
5886	-241.4684	-357.8041	116.3357	0.7490196	2.323036	1.374433
5892	-246.4717	-362.4488	115.977	0.5841094	3.628368	1.341848
5898	-242.2194	-358.1343	115.9149	0.7846006	3.251499	1.345951
5904	-244.653	-360.5911	115.9381	0.7529251	2.478535	1.611276
5910	-235.967	-352.0914	116.1244	1.069001	3.488434	0.7810176
5916	-235.343	-352.0436	116.7006	1.106372	2.102002	0.8068613
5922	-237.8305	-353.0536	115.223	1.259002	5.259322	0.9599041
5928	-235.5628	-352.6972	117.1344	1.095643	1.367349	0.8848927
5934	-239.9838	-354.6299	114.6461	1.10969	6.227664	1.384935
5940	-239.9891	-356.2244	116.2352	0.7905528	2.721936	1.264829
5946	-243.8241	-358.9865	115.1624	1.139214	2.484368	1.882293
5952	-255.5417	-373.3208	117.7791	0.8999182	0.8343155	0.9436053
5958	-250.2002	-366.3949	116.1947	1.041921	3.037436	0.9436053
5964	-242.3857	-357.7433	115.3577	1.399219	5.085407	0.6553655
5970	-252.4649	-368.7501	116.2852	1.27776	1.768112	1.247386
5976	-247.5804	-363.085	115.5046	0.9731962	4.480973	1.174657
5982	-245.3204	-362.049	116.7286	1.170339	1.45643	1.145041
5988	-244.6657	-360.8409	116.1753	0.6150402	3.739223	1.114484
5994	-244.7721	-360.3297	115.5576	0.4245788	3.739223	1.741815
6000	-237.4858	-353.3868	115.901	0.766949	3.739223	1.221549
6006	-227.0848	-343.1955	116.1106	0.5890211	2.975377	1.434796
6012	-249.9543	-365.8304	115.8761	0.4218616	2.978335	1.727981
6018	-254.1605	-369.4162	115.2557	0.4182348	2.906769	2.169078
6024	-242.7852	-358.4115	115.6262	0.6774997	3.738572	1.509628
6030	-255.1508	-369.3394	114.1886	0.7424943	9.627414	1.511896
6036	-244.3923	-359.6897	115.2973	0.845065	4.205834	1.511896
6042	-244.0874	-360.2795	116.1922	0.4225195	1.348021	2.142317
6048	-239.3095	-354.8765	115.5671	0.805099	5.560497	0.991348
6054	-243.6806	-359.0846	115.404	1.019038	5.560497	0.9385778
6060	-241.791	-357.7857	115.9947	0.4707517	1.865781	2.00171
6066	-244.1476	-360.349	116.2014	0.1408855	2.658754	1.796764
6072	-246.6431	-362.484	115.8409	0.1065123	3.617074	1.796764
6078	-244.5165	-360.5025	115.9861	0.2195053	1.999162	2.12022
6084	-245.1351	-361.2381	116.103	0.8338672	3.008815	1.233466
6090	-243.778	-359.4449	115.667	0.1682482	3.567115	1.886337
6096	-242.919	-359.2275	116.3085	0.1612457	1.941904	1.96781
6102	-237.1585	-353.3338	116.1753	0.07692172	2.331972	1.96781
6108	-246.3285	-359.779	113.4505	0.04893932	9.759315	2.460566
6114	-243.9181	-359.1399	115.2218	0.7213157	5.366608	1.405797
6120	-244.5834	-361.1536	116.5702	0.8605612	1.816942	1.329909
6126	-239.8806	-355.7257	115.8451	0.9038581	2.956582	1.402935
6132	-248.9943	-366.2882	117.2939	2.121993	0.4827011	0.4890959
6138	-247.3733	-362.5296	115.1564	1.71514	4.801884	0.447959
6144	-251.7171	-368.7633	117.0462	0.6548372	1.814309	1.101289
6150	-236.4814	-353.3138	116.8324	1.610032	1.31682	0.6253107
6156	-236.8301	-351.3475	114.5173	2.076417	4.447368	0.1777797
6162	-236.184	-350.8723	114.6883	2.076417	4.447368	0.2378487
6168	-235.106	-350.3783	115.2723	2.076417	2.855033	0.2378487
6174	-239.3629	-356.6937	117.3308	1.803703	0.6681008	0.4651174
6180	-243.7183	-359.211	115.4926	0.3383218	3.385485	1.93564
6186	-241.0937	-358.1018	117.0082	0.8317361	1.597558	1.106135
6192	-243.5853	-360.469	116.8837	1.306522	1.082854	1.164364
6198	-232.7251	-349.7307	117.0056	1.306522	1.024156	1.105902
6204	-239.0235	-353.9647	114.9412	1.03831	6.869035	1.07391
6210	-234.6912	-349.9346	115.2434	0.8780415	5.883941	1.150659
6216	-232.8067	-348.725	115.9183	1.092971	4.170918	0.6931566
6222	-236.3311	-352.954	116.6229	1.279363	1.470432	1.132721
6228	-236.0157	-350.7107	114.6951	1.283641	6.977325	1.052754
6234	-242.0209	-358.555	116.5341	1.116171	1.595498	1.271217
6240	-235.6598	-351.088	115.4282	0.9303687	4.202097	1.346476
6246	-232.0375	-348.8202	116.7827	1.434192	0.6084026	1.575422
6252	-232.4131	-348.4483	116.0353	1.0647	3.345799	0.9562325
6258	-224.9951	-341.9477	116.9526	1.157472	1.09928	1.220165
6264	-221.4389	-338.6191	117.1802	0.9588389	1.09928	1.195459
6270	-227.7432	-343.8569	116.1136	0.5067796	2.586986	1.624206
6276	-225.9012	-342.8557	116.9545	0.1355306	1.742369	1.624206
6282	-246.2135	-363.6743	117.4608	1.032044	1.139992	0.7973687
6288	-239.3595	-356.3224	116.9629	1.3791	1.139992	0.9716296
6294	-240.8365	-357.8626	117.0261	1.3791	1.165542	0.877713
6300	-237.9422	-352.6706	114.7284	0.5472628	4.592503	2.033113
6306	-240.8402	-356.8699	116.0296	0.5669749	3.666889	1.3021
6312	-243.034	-359.0448	116.0108	0.5857557	3.666889	1.3021
6318	-245.7077	-361.2041	115.4964	0.8702215	3.715055	1.468574
6324	-234.6841	-351.4059	116.7219	0.9157836	1.721234	1.210239
6330	-234.1571	-351.0678	116.9107	0.9939027	1.676692	0.9923896
6336	-234.9698	-350.965	115.9952	0.7134868	3.042516	1.405859
6342	-231.5025	-347.6235	116.1211	0.8787808	3.042516	1.167303
6348	-231.8432	-348.2456	116.4024	1.080003	2.86999	0.7249047
6354	-246.1599	-363.0598	116.8999	1.199664	1.483494	0.9313084
6360	-242.5278	-359.0278	116.5	0.8282573	2.428865	1.125767
6366	-232.2451	-348.946	116.7009	1.065352	1.67317	1.125767
6372	-235.422	-351.8566	116.4346	1.065352	2.818635	0.7333266
6378	-232.2631	-348.0318	115.7687	1.043839	3.250535	1.254433
6384	-231.1451	-347.8687	116.7235	0.9346847	2.191234	0.9246024
6390	-233.3009	-350.0352	116.7343	1.173083	1.964512	0.7787879
6396	-235.8271	-351.7195	115.8924	0.9741865	4.15219	0.8980473
6402	-236.0848	-351.8922	115.8074	0.6200652	4.395247	1.240317
6408	-231.2699	-347.8428	116.5729	1.017371	2.202472	0.9893606
6414	-243.0843	-358.7959	115.7116	0.5370796	3.089791	1.729626
6420	-228.5305	-345.3515	116.821	0.9768499	1.930234	0.9354779
6426	-242.3516	-359.2362	116.8846	1.352128	1.327661	0.912967
6432	-236.002	-352.5	116.4981	0.8204986	2.31116	1.187489
6438	-236.3809	-352.0644	115.6835	0.8638897	4.778747	1.029385
6444	-249.616	-366.3004	116.6844	0.6131258	1.840591	1.422843
6450	-248.3749	-364.4929	116.1179	0.4718118	3.007654	1.507623
6456	-239.9315	-355.9104	115.9789	0.9029634	3.600383	1.076422
6462	-229.9971	-346.6649	116.6678	0.276065	2.056455	1.59081
6468	-238.7187	-353.9461	115.2274	0.2094981	2.588444	2.413662
6474	-229.4547	-346.0359	116.5812	0.4093643	2.053065	1.558017
6480	-243.6112	-360.1351	116.5239	0.8868068	1.834872	1.336906
6486	-238.2722	-354.1399	115.8677	0.9416802	3.228355	1.264347
6492	-232.4895	-348.3831	115.8936	0.8417718	1.688873	1.896806
6498	-236.2035	-351.1083	114.9048	0.8865674	3.504965	1.931749
6504	-234.0574	-350.3243	116.2669	0.1845058	2.45672	1.788762
6510	-243.0205	-357.8926	114.8722	0.7105633	4.095085	1.932542
6516	-232.1215	-347.8316	115.7101	0.5949229	2.687804	1.813192
6522	-230.9101	-345.8608	114.9506	0.4467491	5.311859	1.813192
6528	-225.6582	-341.5685	115.9103	0.7258822	2.249478	1.734432
6534	-231.7645	-347.8113	116.0468	0.3334491	2.698499	1.757485
6540	-231.3653	-348.0389	116.6737	1.166682	0.8385795	1.635488
6546	-229.7181	-346.7679	117.0498	1.448477	1.180152	0.7380072
6552	-238.4134	-354.4295	116.0162	1.488738	2.990573	0.4583293
6558	-238.588	-354.4783	115.8903	1.724826	2.747922	0.4863626
6564	-242.5949	-358.6195	116.0246	0.5874813	2.710759	1.588044
6570	-243.5082	-358.4927	114.9844	1.241952	6.74308	0.8432658
6576	-234.2618	-350.9443	116.6825	1.283999	2.009783	0.6292839
6582	-234.7057	-351.3474	116.6416	1.130189	2.383876	0.6043643
6588	-236.2601	-351.699	115.4389	1.302028	4.691705	0.8490621
6594	-244.8213	-360.8341	116.0128	0.1056871	2.123839	2.130453
6600	-236.7683	-353.4491	116.6808	1.378409	1.817404	0.680512
6606	-243.5962	-357.9981	114.402	1.402759	9.504388	0.7004531
6612	-249.8653	-365.6589	115.7935	0.3351525	1.773424	2.259953
6618	-242.6073	-358.9589	116.3517	0.5058171	2.940548	1.322681
6624	-236.697	-353.0575	116.3605	0.8341213	2.238286	1.322681
6630	-238.5742	-355.0516	116.4774	0.8087809	2.072771	1.322681
6636	-242.5206	-359.3978	116.8771	1.394743	1.155672	1.027658
6642	-233.232	-350.7924	117.5604	1.328909	0.7121304	0.8743098
6648	-236.5393	-352.5982	116.0589	1.570218	2.712134	0.4638756
6654	-245.9165	-362.2462	116.3297	1.351914	2.589119	0.4393921
6660	-244.7994	-360.3985	115.599	1.351914	3.937584	0.8835004
6666	-235.6742	-352.5539	116.8796	1.041706	1.51829	1.083199
6672	-239.2954	-355.7367	116.4413	0.9757858	1.852552	1.322923
6678	-236.0469	-352.168	116.1211	0.902669	2.423145	1.382014
6684	-235.0956	-350.9266	115.831	0.7728784	3.788464	1.260602
6690	-242.0085	-357.5731	115.5646	0.7593911	4.355962	1.334941
6696	-237.5744	-352.8312	115.2568	0.8510628	5.09027	1.334941
6702	-236.301	-352.7635	116.4625	0.7802233	1.550172	1.608802
6708	-256.2796	-372.369	116.0894	0.585024	1.249396	2.156119
6714	-240.6975	-356.4083	115.7108	0.6086894	3.257046	1.630837
6720	-240.2421	-355.8897	115.6476	0.1873273	3.728319	1.846589
6726	-240.713	-356.6785	115.9654	0.3058539	2.672953	1.841134
6732	-238.755	-354.771	116.016	0.3738167	1.722266	2.112281
6738	-242.5988	-358.6648	116.066	0.566416	2.679943	1.583624
6744	-240.0778	-355.8788	115.801	0.8712012	3.396499	1.322384
6750	-240.4177	-357.0583	116.6406	0.7427308	1.500933	1.531834
6756	-234.6013	-351.1572	116.5558	0.7396572	1.636712	1.525497
6762	-247.016	-363.9376	116.9216	1.151558	0.955858	1.365053
6768	-240.49	-356.5274	116.0374	1.282742	3.326338	0.6780718
6774	-235.5827	-352.5055	116.9228	1.356172	1.207691	0.9747279
6780	-236.1752	-353.1553	116.9801	1.380812	1.367003	0.7082586
6786	-236.7139	-352.6532	115.9393	1.016676	3.809551	0.927311
6792	-238.6099	-355.7789	117.169	0.8487911	0.9869509	1.383605
6798	-232.7579	-349.2543	116.4965	0.6617091	1.797515	1.548452
6804	-237.3803	-353.4644	116.0841	0.637255	2.22444	1.683756
6810	-241.0543	-357.8172	116.7629	0.7892812	1.378738	1.474686
6816	-230.7985	-347.3031	116.5047	0.737532	1.448547	1.66293
6822	-238.7428	-355.1003	116.3575	0.6358979	1.194105	1.977068
6828	-233.4373	-349.6499	116.2126	0.5250407	1.515028	1.977068
6834	-240.8366	-356.4622	115.6256	0.7042028	2.617757	1.818728
6840	-238.7825	-354.1869	115.4044	0.7395719	2.932373	1.848614
6846	-231.9068	-348.1021	116.1952	1.096428	3.048428	0.8774194
6852	-239.333	-355.9702	116.6372	1.033659	2.342345	0.8150615
6858	-241.5546	-357.6275	116.0728	0.7487031	1.671164	1.846157
6864	-240.2094	-355.5569	115.3474	1.020389	4.868727	1.170324
6870	-238.1243	-353.8096	115.6853	0.5917364	3.425557	1.614049
6876	-237.5561	-353.4711	115.915	0.4801362	3.127512	1.614049
6882	-234.0971	-350.2202	116.1231	0.4608105	2.048146	1.848149
6888	-248.4561	-364.7073	116.2513	0.4536996	1.428595	2.041724
6894	-243.9929	-360.491	116.4981	0.871254	1.534179	1.524197
6900	-244.16	-360.515	116.3551	0.645187	2.61309	1.327014
6906	-251.0778	-365.7115	114.6337	0.521296	2.418301	2.641482
6912	-246.8595	-362.4088	115.5493	0.9285752	5.310717	0.9498175
6918	-245.7023	-361.4564	115.7541	0.951417	4.343393	1.003387
6924	-235.8166	-352.144	116.3274	0.7226479	2.770067	1.22626
6930	-229.5137	-345.2209	115.7072	0.3793017	2.926531	1.889536
6936	-233.8965	-348.4976	114.6011	0.3910493	3.810264	2.380467
6942	-227.6138	-343.2646	115.6508	0.1084458	4.164315	1.796426
6948	-225.2284	-339.5151	114.2867	0.3476937	4.164315	2.530033
6954	-230.4678	-347.2621	116.7942	0.05964674	3.090609	1.27399
6960	-239.8733	-355.1603	115.287	0.1820936	3.808758	2.073151
6966	-233.5773	-349.5382	115.9608	0.1212024	1.932561	2.226162
6972	-235.7635	-351.7291	115.9657	0.06414638	2.020782	2.226162
6978	-239.3432	-353.9087	114.5655	0.3503548	5.162286	2.162172
6984	-237.6163	-354.4873	116.8709	0.7627574	1.459839	1.363775
6990	-229.636	-346.178	116.542	0.4238117	2.438022	1.421231
6996	-228.9604	-345.1408	116.1804	0.5836708	2.438022	1.572744
7002	-234.0355	-349.6611	115.6255	0.5090991	3.022277	1.828598
7008	-239.1078	-354.9584	115.8507	0.4405306	1.378072	2.335312
7014	-235.8117	-351.1509	115.3392	0.4146874	2.557617	2.220992
7020	-235.8776	-351.5317	115.6541	0.7533424	3.544586	1.484671
7026	-236.4601	-352.5857	116.1256	0.7511161	2.44984	1.484671
7032	-245.7036	-361.3336	115.63	0.2808555	3.951087	1.740196
7038	-246.657	-363.5788	116.9217	0.4475517	1.290052	1.661399
7044	-244.5337	-360.7312	116.1975	0.7823073	1.404199	1.86966
7050	-243.0691	-359.0472	115.9781	0.1232135	2.531572	2.00155
7056	-233.6486	-349.1598	115.5112	0.3333248	3.037377	2.020351
7062	-240.7268	-355.8128	115.086	0.6620346	3.273785	2.020351
7068	-236.5866	-353.0085	116.4219	0.5648865	2.495947	1.382531
7074	-240.8847	-356.8028	115.918	0.6405221	2.851433	1.580736
7080	-242.1471	-357.6237	115.4766	0.5397298	3.448254	1.792528
7086	-232.6675	-348.9807	116.3132	0.5975137	2.089857	1.601112
7092	-243.0965	-358.3831	115.2866	0.5443589	4.884134	1.589684
7098	-253.8285	-368.6385	114.8101	0.5540609	4.884134	1.916603
7104	-242.1862	-357.0729	114.8867	0.2426541	3.888336	2.275878
7110	-234.4196	-350.4425	116.0229	0.4910484	3.893376	1.30438
7116	-239.5834	-354.7082	115.1248	0.4966988	3.294741	2.098443
7122	-237.2451	-353.3808	116.1357	0.778733	2.312035	1.509206
7128	-234.3869	-351.0509	116.664	1.247326	1.684971	0.9798775
7134	-231.4997	-347.4722	115.9725	0.4581877	1.747713	2.074506
7140	-243.0327	-359.7546	116.722	1.549625	1.544556	0.6178841
7146	-246.8227	-364.0475	117.2248	1.549625	0.9783071	0.4729028
7152	-237.5613	-353.7284	116.1671	1.353477	2.805946	0.7089478
7158	-244.8036	-360.3546	115.551	1.053356	5.206182	0.837965
7164	-249.9423	-365.228	115.2857	1.143807	5.29428	1.003903
7170	-240.436	-357.7331	117.2971	1.221951	1.100486	0.8107183
7176	-243.1033	-357.7529	114.6497	1.253177	9.055072	0.6572572
7182	-243.7	-359.2919	115.5919	1.476847	4.175872	0.5180426
7188	-237.2761	-353.5657	116.2895	1.476847	2.388644	0.4019391
7194	-245.8383	-362.2876	116.4493	1.319359	2.372684	0.628059
7200	-238.1198	-355.1186	116.9988	1.524504	1.114018	0.7883465
7206	-245.1047	-361.6845	116.5798	1.515969	1.279289	1.093462
7212	-237.3879	-353.0504	115.6625	1.016971	4.574636	0.957268
7218	-240.0131	-357.3235	117.3103	0.961158	0.805103	1.33943
7224	-244.8653	-361.6278	116.7625	1.137436	1.749763	0.9472451
7230	-244.2041	-361.0808	116.8767	1.585677	1.244534	0.7059727
7236	-232.3085	-348.3979	116.0894	1.294977	2.817157	0.8859116
7242	-240.7554	-357.2663	116.5109	1.376171	2.151109	0.6270423
7248	-243.5969	-359.1349	115.538	1.182472	5.094972	0.7175957
7254	-244.9892	-359.7322	114.743	0.9064626	6.031402	1.501929
7260	-246.7619	-362.0643	115.3024	1.695123	4.143623	0.3235588
7266	-234.0835	-350.0358	115.9523	1.391571	3.348561	0.4084734
7272	-236.2591	-351.7171	115.458	1.109205	5.55266	0.7656974
7278	-241.307	-358.4315	117.1245	1.109205	1.271797	0.9652302
7284	-234.6557	-350.4949	115.8393	1.221332	3.529537	0.9235517
7290	-241.1847	-357.3141	116.1294	1.052811	3.302484	0.8846945
7296	-228.6669	-344.6245	115.9576	1.319227	3.302484	0.7642133
7302	-237.8537	-353.957	116.1032	1.123862	3.302484	0.8308562
7308	-232.0057	-349.1031	117.0974	1.123862	1.00651	1.201485
7314	-235.5914	-351.2778	115.6864	0.8591909	3.486233	1.395582
7320	-241.0937	-357.0149	115.9212	0.8256903	3.486233	1.232962
7326	-239.4416	-355.8291	116.3875	0.8404913	1.716149	1.535893
7332	-241.3843	-357.6689	116.2846	1.521591	2.316211	0.4071868
7338	-243.8541	-358.085	114.2308	1.96399	7.441014	0.3597287
7344	-244.2357	-359.5203	115.2846	0.3526755	3.033934	2.157538
7350	-240.9425	-356.1587	115.2162	2.225248	2.154906	0.1572759
7356	-246.268	-359.2465	112.9785	2.387159	7.016541	0.08261086
7362	-236.5784	-350.9216	114.3431	2.479362	2.661879	0.09714382
7368	-241.5821	-355.8517	114.2696	2.454526	2.912885	0.09894585
7374	-249.5666	-363.4661	113.8995	2.232961	4.91824	0.1132583
7380	-241.8356	-356.4129	114.5772	2.232961	3.523799	0.1539161
7386	-235.585	-350.0836	114.4985	2.311638	3.523799	0.1539161
7392	-237.9426	-352.8947	114.9521	2.352755	2.384131	0.1539161
7398	-243.3859	-358.7951	115.4093	2.352755	2.101851	0.2566297
7404	-242.1672	-358.5638	116.3966	0.7307969	3.046601	1.049461
7410	-234.6048	-351.2892	116.6843	0.2647666	2.101358	1.568285
7416	-230.7941	-346.8016	116.0075	0.8506755	3.446498	1.150072
7422	-228.4185	-345.3697	116.9512	0.8374007	1.355755	1.304102
7428	-234.0615	-350.3992	116.3376	0.6152802	2.662037	1.34642
7434	-237.8573	-353.7787	115.9214	1.09175	3.488758	0.98923
7440	-244.1221	-360.6342	116.5121	0.2227606	2.783455	1.472198
7446	-239.3091	-355.7451	116.4361	0.7037014	2.107406	1.422445
7452	-234.6768	-351.6655	116.9887	0.7075137	1.567913	1.249256
7458	-244.1543	-361.0338	116.8794	0.6196805	1.567913	1.407413
7464	-241.5611	-357.0719	115.5107	1.165694	5.231123	0.7287331
7470	-234.7003	-352.0605	117.3602	1.612834	0.76335	0.6590539
7476	-237.7177	-354.6722	116.9545	1.584064	1.01524	0.8865494
7482	-231.8233	-348.2873	116.4641	1.266733	1.815733	1.072907
7488	-236.5964	-351.6656	115.0692	1.228302	6.792984	0.7303805
7494	-246.261	-363.079	116.818	1.166215	2.002836	0.5915286
7500	-238.0529	-352.8554	114.8025	0.4222981	3.788143	2.236924
7506	-242.4528	-358.7747	116.3219	0.6851697	1.179105	1.97671
7512	-250.9203	-365.7067	114.7864	0.5583633	3.83092	2.149563
7518	-248.227	-363.6812	115.4543	0.4254181	2.525308	2.149563
7524	-249.5352	-363.8272	114.292	1.499965	9.505131	0.3291036
7530	-250.6054	-367.4979	116.8925	0.6302015	1.296384	1.546117
7536	-250.1823	-365.8488	115.6665	1.530701	3.516759	0.7605684
7542	-249.0658	-365.2734	116.2076	1.128459	1.678976	1.473527
7548	-238.1801	-354.8176	116.6375	0.5702492	1.678976	1.569095
7554	-256.0229	-372.1396	116.1167	0.4691171	2.522589	1.671382
7560	-243.3172	-360.7691	117.4519	0.8300958	0.8444745	1.294337
7566	-235.2259	-350.8466	115.6207	0.89922	3.442333	1.428291
7572	-239.1066	-354.7973	115.6907	0.676984	4.346739	1.302062
7578	-247.2434	-362.9978	115.7544	0.5768066	2.233061	1.949873
7584	-241.3467	-357.0085	115.6619	0.7808589	1.823233	2.03452
7590	-248.9645	-365.6048	116.6404	0.830868	1.823233	1.293997
7596	-244.5104	-360.154	115.6436	0.7114535	4.070716	1.383226
7602	-234.554	-350.1873	115.6333	1.113098	2.334682	1.623973
7608	-235.8087	-350.8399	115.0312	0.722393	4.551154	1.715436
7614	-239.0704	-354.9442	115.8739	0.5856856	2.209142	1.871663
7620	-232.2078	-348.8268	116.619	0.9744531	2.260187	0.9541018
7626	-244.3908	-361.3723	116.9815	1.221846	1.665554	0.5658303
7632	-233.599	-350.0837	116.4847	1.379377	2.224896	0.4316707
7638	-233.5602	-350.3213	116.7611	1.334098	1.838831	0.4604451
7644	-239.6256	-355.7981	116.1725	1.533576	2.544073	0.5527427
7650	-241.4459	-357.2829	115.837	1.250563	4.104291	0.5527427
7656	-237.26	-353.0316	115.7716	1.540155	3.478062	0.5286613
7662	-235.453	-351.1595	115.7065	1.221461	4.621378	0.4649991
7668	-237.3402	-353.0595	115.7192	1.221461	4.122156	0.8211654
7674	-241.1257	-356.7633	115.6376	0.752967	3.446705	1.524887
7680	-239.9505	-355.6613	115.7108	0.7877622	3.730548	1.362312
7686	-238.4001	-354.0972	115.6972	0.861905	3.730548	1.313969
7692	-237.5839	-352.1904	114.6065	0.2488449	4.176495	2.388909
7698	-236.0513	-351.5213	115.47	0.2378935	2.900739	2.14871
7704	-231.344	-347.26	115.9161	0.3977325	4.059851	1.418058
7710	-236.9349	-352.7194	115.7845	0.6560624	4.059851	1.318192
7716	-235.7761	-350.9968	115.2208	0.5327375	2.809233	2.145376
7722	-233.2547	-348.6905	115.4358	0.7552966	3.888381	1.554328
7728	-226.8065	-342.6726	115.8661	0.6396103	3.057775	1.554328
7734	-231.3923	-346.91	115.5177	0.8309651	4.36056	1.313981
7740	-232.1805	-348.3944	116.2139	1.153016	2.838314	0.895117
7746	-229.7315	-345.5129	115.7814	1.435062	3.608773	0.6720511
7752	-230.0439	-345.1867	115.1429	1.502685	5.55862	0.6211913
7758	-231.7028	-347.5567	115.8539	1.356483	3.692574	0.6177853
7764	-235.6812	-352.0428	116.3616	1.215794	2.14023	1.035894
7770	-236.8556	-353.2519	116.3962	0.9595482	2.393151	1.117258
7776	-239.2511	-355.3619	116.1108	0.8603376	3.132802	1.159606
7782	-232.2359	-348.6298	116.3939	0.5904574	1.950233	1.606656
7788	-232.6633	-348.4785	115.8152	0.7518927	4.389392	1.120699
7794	-226.9353	-343.2633	116.3279	1.14789	2.897622	0.7158956
7800	-234.0076	-349.8065	115.7989	1.010211	4.785919	0.7158956
7806	-232.1602	-348.2015	116.0413	1.024168	3.033963	1.112056
7812	-233.3867	-349.3419	115.9552	1.657432	2.753587	0.5123015
7818	-242.6491	-358.0768	115.4277	1.073071	6.166032	0.6085706
7824	-232.9306	-348.4849	115.5543	0.7999015	5.431753	1.041941
7830	-236.8758	-353.3982	116.5224	0.5826522	2.133997	1.437685
7836	-235.7344	-352.6378	116.9034	0.765932	1.840421	1.115159
7842	-243.9453	-359.4202	115.4748	0.4339837	1.840421	2.373011
7848	-236.4227	-352.8877	116.465	1.16881	2.299864	0.8869207
7854	-236.0263	-351.8517	115.8254	1.202836	4.045415	0.7339619
7860	-235.224	-351.7898	116.5659	0.9756709	2.25985	1.007254
7866	-234.1424	-350.1157	115.9734	1.184913	3.539927	0.8025464
7872	-237.7867	-353.327	115.5403	1.083331	3.609392	1.297131
7878	-238.4367	-353.1894	114.7528	0.4045076	6.310739	1.807772
7884	-227.2247	-344.077	116.8524	1.575262	1.35634	0.4325268
7890	-230.0504	-345.5888	115.5385	0.8107203	2.007395	2.02238
7896	-226.0056	-343.3411	117.3355	1.216743	1.101936	0.7633337
7902	-233.6174	-349.3169	115.6995	1.161146	4.327883	0.8385315
7908	-233.4374	-349.2475	115.81	1.007485	3.110033	1.297139
7914	-240.5104	-355.2022	114.6918	1.598057	5.958502	0.9739727
7920	-234.3205	-350.771	116.4505	1.027185	2.379023	1.008861
7926	-236.8653	-351.78	114.9148	1.208323	6.52417	1.008861
7932	-236.9667	-352.6742	115.7075	0.582631	3.466547	1.593229
7938	-239.843	-355.9285	116.0855	0.833072	3.406536	1.109584
7944	-239.6925	-355.4394	115.7469	1.240128	3.305665	1.082596
7950	-240.9972	-356.4166	115.4194	1.211754	5.688813	0.5597554
7956	-239.3784	-354.958	115.5796	1.231823	5.028864	0.5264092
7962	-237.1741	-352.0611	114.8871	1.530877	6.607705	0.4676193
7968	-237.6749	-352.7959	115.1209	1.574681	5.434579	0.4413905
7974	-238.392	-354.9678	116.5757	1.252475	2.309962	0.5225929
7980	-236.5653	-352.88	116.3147	1.474964	2.285664	0.6796773
7986	-231.9489	-347.8042	115.8553	1.296264	3.890422	0.5859012
7992	-233.0066	-350.7424	117.7359	0.9271303	0.6263181	1.206013
7998	-230.5847	-346.3014	115.7167	1.142351	4.542109	0.7511077
8004	-220.5507	-337.219	116.6683	0.9632194	1.570871	1.300743
8010	-243.5932	-360.0981	116.5049	1.073402	2.428604	0.874632
8016	-257.197	-372.1485	114.9515	1.091967	7.953843	0.7572427
8022	-235.0125	-352.3594	117.3468	1.475433	0.4973122	1.237998
8028	-226.2506	-343.8026	117.5519	1.72626	0.4973122	0.7773385
8034	-221.5403	-337.8046	116.2643	1.479466	2.387348	0.6662277
8040	-228.094	-344.301	116.207	1.476128	2.498208	0.676248
8046	-227.7747	-344.357	116.5823	0.9620929	1.802047	1.244756
8052	-237.0715	-353.9163	116.8448	1.071733	1.502619	1.098205
8058	-246.6925	-362.0083	115.3158	0.9925769	4.197075	1.387319
8064	-239.439	-355.5201	116.0811	0.8494913	2.318467	1.494555
8070	-236.9617	-352.5765	115.6147	0.432294	2.318467	2.1084
8076	-235.5375	-352.3512	116.8137	1.171187	1.045975	1.363625
8082	-235.8037	-352.0649	116.2612	0.6157134	1.611464	1.836177
8088	-247.6877	-362.7593	115.0716	0.4332579	4.80521	1.836177
8094	-240.2758	-356.4909	116.2152	0.848209	1.520442	1.751757
8100	-246.3514	-363.5381	117.1868	1.091854	1.324629	0.8680007
8106	-232.3753	-348.8943	116.519	0.6777654	2.700242	1.126363
8112	-238.4281	-354.0622	115.6341	0.9983292	4.539524	1.015782
8118	-239.546	-356.1682	116.6222	1.020254	1.85132	1.13329
8124	-234.8133	-350.6767	115.8634	0.500885	2.705301	1.766396
8130	-238.9565	-353.6314	114.6749	0.9288786	5.103213	1.708545
8136	-242.2872	-358.8671	116.5798	1.022951	0.8295305	1.810184
8142	-235.1964	-352.2461	117.0497	1.006276	1.864426	0.6243662
8148	-236.0155	-352.9296	116.9141	1.072805	1.981543	0.6197584
8154	-235.4972	-352.6588	117.1616	0.9117613	0.6419442	1.645216
8160	-236.7687	-352.9086	116.14	0.5849789	2.319188	1.645216
8166	-232.3593	-348.532	116.1727	1.071608	3.260982	0.829854
8172	-233.4608	-349.9712	116.5103	1.193194	2.200775	0.8674286
8178	-234.7516	-350.1838	115.4322	1.193194	4.732402	0.9647455
8184	-242.0098	-359.0003	116.9906	0.6966474	2.297884	0.8238358
8190	-243.0032	-360.2444	117.2413	1.630704	0.8716911	0.41323
8196	-236.4011	-353.3963	116.9953	1.214324	1.537507	0.7448913
8202	-242.6381	-359.0187	116.3806	0.7671103	2.373676	1.303258
8208	-242.9524	-359.7275	116.7751	1.294212	0.9956	1.33599
8214	-238.4997	-354.5091	116.0094	0.881494	3.594617	1.06993
8220	-243.8257	-359.5912	115.7655	1.181024	4.376271	0.6918554
8226	-236.2513	-352.4218	116.1705	0.6542365	2.521922	1.49697
8232	-247.2495	-363.485	116.2355	0.7695896	3.739759	0.9002631
8238	-236.252	-352.4278	116.1757	0.4429856	2.389463	1.695188
8244	-233.4603	-349.6478	116.1875	0.3769441	2.389463	1.7335
8250	-232.5832	-349.7859	117.2027	0.6913288	1.287619	1.26289
8256	-239.333	-355.4784	116.1453	0.7541329	2.519315	1.441275
8262	-235.3082	-351.9841	116.6759	0.4860319	1.548799	1.667624
8268	-232.5764	-347.7623	115.1859	0.1086494	4.523627	2.034361
8274	-240.0131	-355.9745	115.9614	0.5766314	1.677303	2.034361
8280	-244.6062	-360.9621	116.3559	0.5174157	1.853294	1.728213
8286	-239.8619	-355.2191	115.3572	0.1883563	1.926434	2.567635
8292	-232.6455	-347.9653	115.3199	0.4743428	2.153861	2.32874
8298	-236.4529	-351.6362	115.1833	0.3392106	1.766078	2.643892
8304	-246.769	-362.0741	115.305	0.7128785	6.265502	1.161506
8310	-239.3561	-356.609	117.2529	1.178437	1.201132	0.8069876
8316	-241.8392	-358.8494	117.0102	1.178437	1.651535	0.6380335
8322	-240.8334	-357.739	116.9056	1.462488	1.316912	0.7598397
8328	-247.9253	-365.1064	117.181	1.938447	0.6736479	0.4322516
8334	-235.603	-351.4245	115.8215	0.4724734	2.836617	1.774016
8340	-236.4686	-351.647	115.1783	0.3708543	3.021393	2.218041
8346	-236.15	-351.1672	115.0172	0.2463821	3.001955	2.405554
8352	-240.7854	-356.0086	115.2233	0.7002358	3.001955	1.977641
8358	-234.9166	-350.6845	115.7679	0.6912172	3.001955	1.605675
8364	-236.8094	-352.1166	115.3072	0.4441421	1.607883	2.567922
8370	-242.1855	-356.2584	114.0729	0.2850864	2.972868	2.969916
8376	-232.2774	-347.4901	115.2128	0.4756468	3.470088	2.00949
8382	-243.1949	-358.6355	115.4406	0.3291644	3.973479	1.832869
8388	-241.6782	-358.6741	116.9959	0.9164916	0.9521265	1.491742
8394	-242.5181	-358.5748	116.0567	0.8808635	2.771111	1.318527
8400	-254.2506	-369.2085	114.9579	0.1112383	2.47904	2.675701
8406	-233.1994	-348.9327	115.7333	0.06684242	3.109109	2.029932
8412	-230.8817	-346.3686	115.4869	0.1243338	3.594739	2.029932
8418	-233.5047	-349.5999	116.0953	0.135623	2.582502	1.897888
8424	-229.8087	-346.3057	116.497	0.9077963	2.536037	1.003555
8430	-239.139	-354.5795	115.4404	0.1683892	2.582502	2.306402
8436	-233.219	-349.6267	116.4078	0.5127786	2.015844	1.624778
8442	-238.8549	-354.7604	115.9055	0.7655509	3.959567	1.152683
8448	-226.8996	-343.1536	116.2541	1.005188	2.329868	1.229768
8454	-228.3827	-345.2111	116.8285	0.8558579	1.616475	1.230696
8460	-243.7591	-357.6541	113.895	2.075541	6.892184	0.1784162
8466	-232.6566	-348.2999	115.6433	1.818072	2.8868	0.3149799
8472	-239.9184	-354.5494	114.631	1.648417	6.88541	0.3257972
8478	-238.2871	-353.226	114.939	1.677113	5.721915	0.4226846
8484	-245.0637	-360.4007	115.337	1.652519	4.40677	0.4453014
8490	-240.5937	-356.3674	115.7737	1.235056	4.323941	0.5854369
8496	-235.8573	-351.505	115.6477	1.237812	4.722893	0.5914006
8502	-236.3892	-353.8595	117.4703	1.497279	0.7963865	0.5642908
8508	-240.4211	-358.0467	117.6256	1.145352	0.9186136	0.7061145
8514	-229.308	-344.7956	115.4876	0.7809459	2.593987	1.868503
8520	-239.4754	-355.2275	115.7522	1.214861	4.090987	0.8002122
8526	-241.4975	-358.1203	116.6228	1.548803	1.453683	0.875511
8532	-237.7693	-354.2577	116.4884	1.398505	2.097963	0.6893732
8538	-240.742	-357.6283	116.8863	1.04814	1.720092	0.9311493
8544	-239.0045	-354.5155	115.5111	1.218376	4.472754	0.9371889
8550	-235.8022	-352.8508	117.0486	0.9207642	1.234386	1.237357
8556	-236.7099	-354.0138	117.3039	1.357037	0.720786	1.095985
8562	-236.342	-352.0214	115.6794	1.501971	3.793085	0.4125874
8568	-242.3986	-356.4234	114.0248	1.571846	11.2057	0.5782959
8574	-229.2431	-345.1398	115.8967	0.9322921	3.271328	1.233748
8580	-231.8854	-347.9169	116.0315	0.9921904	3.053074	1.14237
8586	-231.5434	-347.7691	116.2257	0.612364	1.288277	2.027258
8592	-242.1318	-358.4149	116.2831	1.138613	2.63041	0.93953
8598	-231.2598	-348.2951	117.0352	1.136963	1.53833	0.7973193
8604	-240.5804	-357.0964	116.516	1.07641	2.59709	0.7482249
8610	-242.3991	-358.9994	116.6003	0.719102	2.747846	0.9892236
8616	-246.0053	-361.625	115.6197	1.129026	3.368972	1.268722
8622	-246.96	-363.4417	116.4817	1.104031	2.321842	0.9276739
8628	-251.4607	-366.0633	114.6026	0.3699703	3.933337	2.365946
8634	-243.6669	-359.8741	116.2072	0.322283	2.027072	1.893585
8640	-243.8094	-359.5043	115.6949	0.7322559	1.912946	2.007945
8646	-235.3585	-351.6294	116.271	0.6572252	1.912946	1.663271
8652	-231.2734	-347.0663	115.7929	0.7407904	2.67607	1.656315
8658	-234.675	-350.1369	115.4618	0.7340438	3.095122	1.765048
8664	-237.1764	-353.5209	116.3445	0.5920122	1.25543	1.979893
8670	-238.4315	-354.5473	116.1158	0.9113748	3.458599	0.9866111
8676	-234.6259	-350.3365	115.7106	0.6247039	3.606984	1.521506
8682	-238.2361	-355.2278	116.9918	0.5826356	1.308577	1.500216
8688	-238.6166	-354.6068	115.9902	0.9097142	3.022412	1.259502
8694	-233.6844	-350.8515	117.1671	0.7548481	1.528528	1.075728
8700	-236.1206	-351.5383	115.4177	0.9699451	4.207682	1.321779
8706	-235.3788	-351.73	116.3511	0.3065167	1.212026	2.187746
8712	-235.1095	-351.1216	116.0122	0.8410845	4.068397	0.942872
8718	-238.4193	-355.0295	116.6102	1.078138	2.106222	0.942872
8724	-236.844	-354.143	117.299	0.7094984	1.062696	1.332073
8730	-238.6893	-355.069	116.3797	0.7730377	2.125036	1.404777
8736	-237.7581	-353.6296	115.8715	0.8017694	4.367041	1.027889
8742	-242.7974	-359.7485	116.9511	0.8372818	1.479108	1.225986
8748	-236.8172	-354.0183	117.2012	1.04847	0.9810739	1.199105
8754	-235.3106	-352.3411	117.0306	1.059465	0.9888537	1.32482
8760	-246.7238	-363.2135	116.4897	0.8746206	1.934898	1.32482
8766	-251.1583	-367.0842	115.9259	0.8266622	3.085981	1.357238
8772	-252.5122	-369.0082	116.496	0.5069339	2.320224	1.439031
8778	-249.4439	-365.3715	115.9276	0.8581191	4.388164	0.9043146
8784	-242.5743	-358.2893	115.715	0.9903721	4.388164	0.9894386
8790	-240.7481	-356.8866	116.1385	1.452212	2.606533	0.744046
8796	-234.0997	-350.343	116.2433	0.9398308	2.606533	1.177252
8802	-231.0856	-348.2789	117.1933	0.6700955	1.33796	1.254368
8808	-236.0218	-351.2519	115.2301	0.6875104	2.811381	2.036915
8814	-233.8454	-350.538	116.6926	0.9184077	1.335409	1.456146
8820	-239.6573	-355.446	115.7886	0.7499711	2.032968	1.885091
8826	-239.6636	-357.221	117.5574	0.8136887	0.9715797	1.100149
8832	-247.8909	-364.1652	116.2743	1.191717	2.977066	0.6718677
8838	-244.8582	-360.9767	116.1185	1.347544	2.977066	0.6718677
8844	-245.1915	-361.7106	116.5191	1.084681	2.698425	0.642955
8850	-233.108	-350.0732	116.9652	0.7286912	2.081812	0.9516701
8856	-231.2592	-347.6644	116.4053	0.5046813	2.141589	1.580471
8862	-239.3301	-355.3734	116.0432	0.535228	1.523512	2.078631
8868	-238.5555	-354.0055	115.45	0.4236115	2.736411	2.088286
8874	-235.2513	-351.0391	115.7879	0.1739583	3.998453	1.692923
8880	-227.6698	-343.1126	115.4428	0.3076976	2.430011	2.263627
8886	-228.4951	-344.3969	115.9018	0.4231744	2.509033	1.858009
8892	-230.6152	-346.0838	115.4686	0.5848825	3.899938	1.651446
8898	-230.2632	-346.5371	116.2739	1.071948	3.106159	0.7785352
8904	-241.969	-358.331	116.362	0.4439742	1.787717	1.804093
8910	-235.5604	-351.1459	115.5855	1.008467	5.266196	0.8307197
8916	-228.0822	-343.8309	115.7487	0.9685906	3.647979	1.207428
8922	-238.7142	-354.9244	116.2102	1.174623	2.536135	1.023212
8928	-236.7205	-353.5845	116.864	1.030866	1.86407	0.8721648
8934	-242.1578	-359.3884	117.2306	0.959276	1.446621	0.8602783
8940	-242.1506	-358.6031	116.4526	0.8430723	2.542797	1.104347
8946	-239.8513	-356.8062	116.9549	0.7646005	1.402221	1.330414
8952	-239.9694	-356.5941	116.6247	0.4573492	1.348123	1.829729
8958	-248.534	-365.1323	116.5983	1.393883	1.9966	0.5764698
8964	-231.0153	-347.6749	116.6597	1.073715	1.910161	1.014189
8970	-233.924	-349.6854	115.7614	1.016077	4.157893	0.9908495
8976	-240.6358	-356.456	115.8202	1.131944	4.270915	0.7379154
8982	-240.5679	-356.9498	116.3819	1.124903	1.95099	1.198745
8988	-234.5979	-351.4904	116.8925	1.684421	1.128835	0.6829973
8994	-241.9611	-357.7811	115.82	1.199441	3.812581	0.8536508
9000	-232.5773	-347.6792	115.1019	1.601422	5.428815	0.4753865
9006	-228.9625	-345.3131	116.3507	1.812973	1.59662	0.3123757
9012	-231.5952	-347.9959	116.4007	1.826534	1.482272	0.2977581
9018	-226.1365	-342.2224	116.0859	1.615193	2.428134	0.3381019
9024	-227.8169	-343.0569	115.24	1.811558	4.034983	0.3415292
9030	-240.5907	-357.4049	116.8142	0.3046184	1.727717	1.610294
9036	-245.159	-362.3374	117.1785	1.007326	0.6760948	1.529222
9042	-235.1974	-351.0145	115.8171	1.76286	2.360274	0.2358583
9048	-230.7633	-346.8436	116.0802	1.826144	1.949538	0.2902318
9054	-234.6987	-351.2345	116.5358	1.841144	1.37698	0.3653321
9060	-243.8361	-360.3428	116.5067	1.216542	2.223495	0.8283802
9066	-237.7996	-353.1555	115.356	1.230187	5.246033	0.847154
9072	-238.8744	-354.5769	115.7025	0.9538931	4.255801	1.077463
9078	-235.0245	-350.9135	115.889	0.993346	3.606051	1.074023
9084	-244.0425	-361.8647	117.8222	1.427615	0.5821594	0.5685821
9090	-242.1281	-359.3078	117.1797	1.411918	0.97797	0.8682723
9096	-251.7603	-366.4297	114.6694	1.040781	5.745233	1.508978
9102	-243.2427	-359.7826	116.5399	1.130676	1.976562	1.036617
9108	-240.7679	-355.891	115.1231	1.125788	6.868665	0.7782031
9114	-232.3199	-348.8709	116.5511	1.060916	1.932772	1.115775
9120	-244.2159	-359.1365	114.9206	0.3621097	5.984066	1.774374
9126	-237.8669	-352.8302	114.9633	0.1610234	4.46272	2.158446
9132	-240.9058	-356.7132	115.8074	0.799404	4.349947	1.095784
9138	-243.3093	-359.5905	116.2813	1.062681	2.682375	0.9948483
9144	-237.7026	-352.9496	115.247	1.056184	5.641905	1.038858
9150	-237.4561	-353.6413	116.1852	1.071599	2.774866	1.038858
9156	-232.7623	-349.7469	116.9845	1.332775	1.312741	0.8327343
9162	-235.8105	-351.3809	115.5704	0.2481269	3.341863	1.955394
9168	-234.5852	-350.6181	116.033	0.5352178	2.077697	1.847329
9174	-238.2701	-355.033	116.7628	0.8775369	1.518885	1.323751
9180	-231.3619	-347.5356	116.1737	0.7208945	2.663231	1.391917
9186	-240.0706	-354.3696	114.299	1.212832	4.408749	1.912557
9192	-230.9367	-347.2714	116.3347	0.7363046	1.214989	1.912557
9198	-236.1553	-352.414	116.2586	0.4299609	2.126427	1.744835
9204	-240.1774	-354.934	114.7567	0.5014561	3.976345	2.173422
9210	-236.7342	-352.1614	115.4273	0.4386198	5.060327	1.527416
9216	-245.8879	-361.8512	115.9632	0.1820706	3.126072	1.791353
9222	-236.8154	-353.2911	116.4757	0.7897538	1.561449	1.586406
9228	-248.4361	-364.2163	115.7803	0.7324996	3.163807	1.516681
9234	-247.0286	-362.3181	115.2895	0.6328188	3.998516	1.720821
9240	-238.6599	-354.5935	115.9336	1.087147	3.661694	0.9140348
9246	-240.3458	-356.7307	116.385	1.278479	2.095278	0.9753794
9252	-235.8925	-351.9462	116.0537	1.490318	2.897003	0.5514714
9258	-236.0021	-351.989	115.9869	1.470313	3.112107	0.4853877
9264	-246.9595	-363.9764	117.0169	1.308684	1.277167	0.8584325
9270	-239.7804	-356.3871	116.6067	1.014617	2.526984	0.7555651
9276	-242.5027	-358.44	115.9373	1.333451	3.490764	0.6503971
9282	-248.2693	-364.8949	116.6256	0.8167714	1.782156	1.338374
9288	-248.0445	-364.4805	116.436	0.8701808	1.599567	1.536652
9294	-234.105	-349.9373	115.8323	0.8697131	4.148486	1.067233
9300	-240.9694	-357.4203	116.4509	1.136291	2.575603	0.7709432
9306	-238.5084	-354.9892	116.4808	1.137025	2.575603	0.7247709
9312	-234.2557	-350.5356	116.2799	0.7281685	2.730443	1.276212
9318	-231.396	-346.8152	115.4192	0.4989798	2.872371	2.018562
9324	-241.5375	-358.0037	116.4663	1.008799	2.579982	0.9075131
9330	-227.59	-342.8692	115.2792	0.8671238	4.65563	1.402758
9336	-228.0211	-343.4393	115.4182	0.7638178	5.344208	1.217338
9342	-223.3817	-339.5416	116.1599	1.102638	3.404288	0.7257663
9348	-231.3397	-346.6461	115.3064	0.7057541	3.630238	1.748323
9354	-227.1674	-343.16	115.9926	0.7280107	2.274922	1.664994
9360	-247.7473	-363.9484	116.2011	0.1152556	3.212336	1.645972
9366	-241.0485	-357.1896	116.1411	0.2905542	3.212336	1.562232
9372	-233.123	-348.895	115.772	0.5527253	2.852714	1.747504
9378	-236.2245	-353.2589	117.0344	0.5774171	2.14605	0.9988617
9384	-236.8776	-352.8069	115.9292	1.224776	2.946454	1.064616
9390	-242.8812	-358.1338	115.2526	0.9960165	5.056733	1.227074
9396	-236.8374	-352.4847	115.6474	1.445173	4.087482	0.5557833
9402	-245.2834	-363.2219	117.9385	1.264874	0.4290761	1.000452
9408	-246.0881	-363.8457	117.7577	1.601733	0.3497191	1.000452
9414	-242.7346	-358.1696	115.435	0.5867356	4.302715	1.578114
9420	-246.5216	-363.4327	116.911	1.434266	1.24831	0.8637513
9426	-246.6826	-361.6908	115.0083	1.387146	6.587507	0.3886232
9432	-244.7002	-360.7217	116.0215	1.538669	2.750843	0.3532413
9438	-249.6861	-367.6261	117.94	1.538669	0.4452483	0.5374613
9444	-238.629	-354.5083	115.8794	1.761668	2.689939	0.5240584
9450	-236.2254	-352.4114	116.186	1.062698	2.532272	1.151101
9456	-231.3532	-347.3549	116.0017	0.9810614	3.110037	1.157599
9462	-230.5339	-346.9965	116.4626	0.7891902	2.410289	1.201082
9468	-224.3239	-340.7089	116.385	0.533531	2.410289	1.46805
9474	-227.4959	-343.6034	116.1075	0.746464	2.516258	1.477051
9480	-224.7261	-340.3163	115.5902	0.8288383	3.540587	1.477051
9486	-231.9121	-349.2205	117.3084	1.342296	0.4251802	1.474226
9492	-248.7821	-365.1913	116.4092	0.1934522	1.954865	1.872743
9498	-247.5749	-363.9855	116.4107	0.1293381	2.445889	1.730636
9504	-234.7961	-351.0672	116.2711	1.013519	3.408225	0.6851529
9510	-239.3305	-355.537	116.2066	0.990013	3.101536	0.9576372
9516	-234.2932	-350.2796	115.9864	0.990013	3.672084	0.9576372
9522	-239.2781	-354.4556	115.1775	0.1888751	2.846385	2.383209
9528	-245.8603	-362.2308	116.3705	0.6051095	2.525882	1.379815
9534	-236.3064	-353.1094	116.803	0.3861768	2.323349	1.290687
9540	-242.5838	-357.6737	115.0898	0.6350966	5.048203	1.633013
9546	-238.5832	-351.9162	113.3331	0.9481544	14.61916	1.492314
9552	-242.986	-359.646	116.66	0.03912218	2.555259	1.578073
9558	-241.3976	-357.5992	116.2016	0.07724209	2.356839	1.941219
9564	-242.7118	-359.3044	116.5926	0.2936127	1.388738	1.941219
9570	-239.3517	-356.2261	116.8743	0.8682751	1.181075	1.45477
9576	-247.5193	-363.581	116.0617	0.5415572	2.99049	1.502983
9582	-249.8972	-365.3696	115.4724	0.9695124	4.660115	1.158767
9588	-235.9475	-351.3336	115.3861	0.7440285	5.317163	1.266778
9594	-236.372	-352.3548	115.9828	0.2155819	1.782925	2.211145
9600	-233.4541	-348.9955	115.5415	0.9647958	4.645769	1.104944
9606	-246.9529	-362.5008	115.5479	1.309125	4.645769	0.704662
9612	-235.3648	-350.4797	115.1148	1.317757	6.109329	0.7613439
9618	-234.8314	-349.9528	115.1215	1.317757	6.097166	0.7558879
9624	-243.1121	-359.3258	116.2138	1.246742	2.8714	0.7576451
9630	-244.9335	-361.6795	116.746	1.731719	1.192612	0.7526972
9636	-230.9462	-347.846	116.8998	1.418665	1.192612	0.9472685
9642	-227.7159	-344.6805	116.9646	1.678594	0.7428597	1.086655
9648	-232.3529	-349.724	117.3711	1.573532	0.7554766	0.7275188
9654	-244.8918	-360.2534	115.3616	1.00537	4.810311	1.185704
9660	-237.8104	-352.4332	114.6227	2.05307	5.116475	0.2986314
9666	-243.5374	-358.4298	114.8924	1.759964	5.116475	0.2823652
9672	-239.54	-355.7992	116.2592	0.7238927	1.712729	1.714435
9678	-231.7545	-347.1459	115.3914	0.9364165	5.260468	1.109093
9684	-240.0007	-355.1853	115.1846	1.089262	5.019184	1.2146
9690	-240.9483	-357.2479	116.2996	0.960293	2.241739	1.267997
9696	-249.2394	-365.5569	116.3175	0.7355992	2.920978	1.16614
9702	-244.9091	-361.1253	116.2162	0.7355992	3.573276	1.019042
9708	-232.3888	-348.2291	115.8402	0.4570298	2.146973	2.004029
9714	-236.1008	-351.6352	115.5343	1.24691	4.571453	0.8437326
9720	-238.2069	-354.8799	116.673	0.9510646	2.333431	0.8779345
9726	-247.9493	-363.9499	116.0006	0.7990019	2.265485	1.611767
9732	-246.5227	-363.1194	116.5966	0.4279804	2.48923	1.355385
9738	-238.0843	-353.3238	115.2395	0.5561366	3.448322	1.943231
9744	-241.81	-356.9609	115.1509	0.6334191	3.448322	1.950866
9750	-244.0409	-362.0332	117.9923	1.443786	0.3620824	0.8916281
9756	-236.0615	-353.6882	117.6267	1.684378	0.3620824	1.022774
9762	-242.0535	-358.4808	116.4273	1.684378	1.752059	0.3683251
9768	-241.1281	-357.8573	116.7292	1.602757	1.493998	0.5154044
9774	-250.0323	-366.1366	116.1043	1.272884	3.13392	0.7135194
9780	-249.3522	-364.6213	115.269	1.815315	4.127788	0.4811412
9786	-240.7171	-355.9807	115.2636	1.746231	4.127788	0.330308
9792	-242.1022	-358.7363	116.6342	1.413904	1.920593	0.5072565
9798	-236.9353	-352.9753	116.0399	1.24425	3.555916	0.5072565
9804	-241.8864	-358.6532	116.7668	1.206581	2.020859	0.5927158
9810	-243.6182	-359.4508	115.8326	0.9462813	4.24118	0.9617449
9816	-243.9407	-359.7513	115.8106	1.387752	3.716164	0.6269574
9822	-240.9761	-358.0727	117.0966	1.616801	1.032686	0.5674511
9828	-239.3798	-354.0719	114.6921	1.400734	7.787687	0.7308084
9834	-237.9474	-353.9651	116.0177	1.4613	2.24802	1.073511
9840	-241.1581	-357.1901	116.032	1.03306	2.480697	1.326456
9846	-240.4384	-357.0847	116.6463	0.8743014	1.513179	1.42123
9852	-233.8607	-349.409	115.5483	1.393438	4.565767	0.5542306
9858	-223.6918	-339.2369	115.5451	1.187073	4.56942	0.9019479
9864	-225.527	-341.7991	116.2721	0.94395	3.179655	0.9019479
9870	-232.9123	-348.8192	115.9069	1.237074	3.361541	0.9019479
9876	-230.1879	-346.7162	116.5284	0.9465616	2.069007	1.166618
9882	-233.5227	-350.0124	116.4897	0.8993033	1.806533	1.368316
9888	-235.6129	-352.187	116.5741	0.8015919	2.300023	1.142552
9894	-236.7198	-352.1096	115.3898	0.7002214	4.001623	1.600093
9900	-233.1202	-349.6105	116.4903	1.130353	1.099991	1.600093
9906	-231.7201	-349.1402	117.4201	1.002625	0.8445412	1.176016
9912	-238.9656	-355.0432	116.0776	0.5135802	1.867166	1.916739
9918	-240.8166	-357.5745	116.7579	0.5190093	1.890264	1.415026
9924	-240.0223	-357.169	117.1466	0.7027153	1.532331	1.139407
9930	-240.284	-356.5217	116.2377	0.7727458	2.234351	1.467897
9936	-236.9803	-353.7703	116.79	0.4834438	1.785574	1.467897
9942	-231.5119	-349.1376	117.6257	1.079627	0.497909	1.332915
9948	-226.6268	-343.3018	116.675	0.9000177	1.443433	1.419203
9954	-239.9786	-355.7447	115.7661	0.8042077	4.206051	1.16949
9960	-241.5123	-357.9004	116.3881	0.6913383	1.548841	1.726101
9966	-238.6156	-355.2477	116.6322	0.5109617	1.869845	1.525929
9972	-240.3633	-356.5117	116.1484	0.9826186	3.095215	1.026378
9978	-239.7405	-355.6529	115.9124	0.8550297	2.601797	1.511026
9984	-248.3633	-362.5707	114.2074	0.4044268	5.392993	2.318008
9990	-240.3019	-355.227	114.9251	0.447957	4.350305	2.017871
9996	-237.7876	-354.1547	116.3671	0.6538663	1.722098	1.683208
10002	-237.1003	-353.2123	116.112	0.7350686	2.170489	1.614618
10008	-231.7167	-349.3079	117.5913	1.620993	0.2398107	1.356415
10014	-233.3712	-350.5635	117.1923	1.447492	0.984007	0.8004356
10020	-241.0368	-357.257	116.2202	0.8477971	2.232067	1.424864
10026	-237.6606	-353.5586	115.898	0.6725284	3.194986	1.463695
10032	-243.6326	-358.9226	115.29	0.9273195	5.549342	1.140106
10038	-241.2019	-357.7868	116.5849	0.7967229	1.508401	1.529049
10044	-244.7564	-359.6502	114.8937	1.034255	6.683066	1.157375
10050	-240.7006	-356.8512	116.1506	1.278191	2.961676	0.7463783
10056	-240.0931	-356.283	116.1899	1.286985	2.91352	0.7023562
10062	-238.1897	-355.0242	116.8345	1.480372	1.311286	0.8372184
10068	-238.0358	-355.3392	117.3034	1.366241	0.8898588	0.8854325
10074	-238.8991	-354.2675	115.3684	0.8040637	3.745245	1.604588
10080	-236.2081	-352.3075	116.0993	0.9447257	3.368311	1.004397
10086	-237.5501	-352.4101	114.86	0.7206887	6.016596	1.555699
10092	-237.9239	-354.6536	116.7297	0.1779918	2.515608	1.436383
10098	-226.955	-342.9171	115.9621	0.06217904	2.398389	2.096351
10104	-234.9379	-350.8783	115.9404	0.05842671	2.398389	2.112989
10110	-230.9313	-346.5701	115.6388	0.5719175	1.978791	2.124701
10116	-233.5753	-350.6823	117.107	1.059024	1.334081	0.9824419
10122	-239.1167	-354.1637	115.047	0.7437522	5.996816	1.400478
10128	-232.9063	-349.0075	116.1012	0.6084247	3.05692	1.400478
10134	-223.539	-340.6122	117.0732	1.236251	0.9388838	1.185032
10140	-232.3256	-348.7487	116.4232	1.270272	1.728722	1.157674
10146	-232.547	-348.7426	116.1956	0.7928318	2.729919	1.29253
10152	-232.3981	-349.397	116.9989	0.9179484	1.315516	1.224684
10158	-232.7936	-348.812	116.0184	1.261928	3.255686	0.785323
10164	-234.4638	-351.2603	116.7965	1.112659	1.953605	0.785323
10170	-227.2068	-343.2817	116.0749	1.518065	2.76373	0.4174982
10176	-228.7372	-345.311	116.5739	1.476443	1.792416	0.7236921
10182	-229.5668	-345.2699	115.7031	1.340619	4.124727	0.6599431
10188	-240.6706	-357.4608	116.7902	1.592528	1.426897	0.5019232
10194	-240.3223	-355.4497	115.1274	1.360264	6.281349	0.5600451
10200	-234.886	-350.8488	115.9628	1.576438	2.807625	0.3590772
10206	-244.6761	-360.1204	115.4443	1.714227	3.818947	0.3854894
10212	-229.6271	-345.6736	116.0464	0.9447137	3.242629	1.101816
10218	-228.3844	-344.6369	116.2525	0.5151802	3.242629	1.293926
10224	-230.1192	-347.5692	117.45	1.233793	0.9414001	0.8002927
10230	-234.6952	-351.0348	116.3396	1.067161	2.447625	1.044244
10236	-248.4146	-363.8459	115.4312	1.00109	5.619873	0.9119274
10242	-259.0875	-376.1388	117.0513	1.252349	1.416234	0.7389424
10248	-263.9622	-380.386	116.4238	1.261053	2.421031	0.7389093
10254	-251.9107	-368.052	116.1414	1.107092	2.529849	1.152327
10260	-244.4133	-361.331	116.9176	0.744886	1.785654	1.152327
10266	-246.6297	-363.3274	116.6977	1.029701	1.785654	1.093846
10272	-244.3804	-360.7744	116.394	1.321825	2.503743	0.5920991
10278	-238.1648	-354.9693	116.8045	1.128215	1.902373	0.7954344
10284	-242.41	-358.79	116.38	0.6236253	1.497387	1.80503
10290	-237.6251	-353.1613	115.5362	0.858342	4.257101	1.303356
10296	-238.0511	-354.7352	116.6841	0.6786716	2.20054	1.20029
10302	-242.3086	-356.5727	114.2641	0.7551031	5.984585	1.954354
10308	-239.037	-355.4049	116.3679	0.991345	1.614	1.489494
10314	-244.7611	-360.5892	115.8281	0.1833273	2.319411	2.131373
10320	-243.4409	-358.1582	114.7173	1.149459	7.501377	1.056258
10326	-248.9987	-363.8102	114.8115	1.334677	7.501377	0.7357578
10332	-238.7367	-355.263	116.5263	1.387012	1.863683	0.8504881
10338	-237.8575	-354.2584	116.4009	1.387012	2.167423	0.7834669
10344	-248.0855	-364.3892	116.3037	0.7548828	2.167423	1.459011
10350	-259.2543	-374.3288	115.0745	0.9114903	7.054015	1.030092
10356	-244.0987	-360.8854	116.7867	1.003963	1.585262	1.157953
10362	-249.6603	-365.2206	115.5603	1.047266	3.435658	1.36194
10368	-249.3171	-365.9225	116.6055	0.8796159	1.299857	1.571726
10374	-234.7838	-351.0158	116.2319	1.265319	2.319259	1.020055
10380	-237.742	-354.8817	117.1397	1.105327	1.321645	0.9091878
10386	-244.4487	-360.943	116.4944	0.9576275	2.279419	1.083165
10392	-238.8537	-354.9879	116.1343	1.152191	1.109757	1.829684
10398	-232.611	-348.8422	116.2312	0.9507075	2.763756	1.113547
10404	-226.0756	-343.0469	116.9712	1.085666	1.299749	1.113547
10410	-220.6501	-337.0847	116.4346	1.118224	1.690953	1.297526
10416	-230.1086	-346.6793	116.5707	0.8433021	1.58999	1.460773
10422	-245.3094	-361.7861	116.4767	0.2128063	1.483895	2.024437
10428	-238.187	-354.4185	116.2314	0.134788	1.973192	2.024437
10434	-241.3531	-356.9891	115.6359	0.1918103	1.958016	2.378862
10440	-246.0911	-362.0717	115.9806	0.6319822	1.94508	1.86994
10446	-235.1535	-351.1013	115.9478	0.3373183	2.338599	1.943352
10452	-257.1841	-373.142	115.958	1.35924	2.699896	1.01338
10458	-241.1232	-357.1443	116.0211	0.9944748	4.173358	0.6839078
10464	-240.009	-356.3957	116.3868	1.712744	1.837149	0.4936174
10470	-242.259	-358.8755	116.6165	1.459085	1.78634	0.6868642
10476	-237.7372	-354.8475	117.1103	1.640235	0.7776154	0.9383238
10482	-244.2953	-359.4606	115.1653	1.422848	3.734031	1.289367
10488	-238.7868	-353.2841	114.4973	1.184448	5.282406	1.617985
10494	-247.8209	-362.5362	114.7153	0.6401407	5.888582	1.739764
10500	-235.1121	-350.3001	115.188	2.05185	2.656184	0.1701981
10506	-244.443	-360.1222	115.6792	2.05185	1.974525	0.2109694
10512	-241.5221	-356.0845	114.5624	2.05185	3.582481	0.121096
10518	-230.1725	-344.8496	114.6771	2.05185	3.436464	0.1312211
10524	-237.5817	-351.6421	114.0604	2.48046	3.372314	0.09956831
10530	-254.5432	-371.1238	116.5807	1.53328	1.814319	0.5046948
10536	-254.3011	-370.317	116.0159	1.576098	2.582038	0.7595763
10542	-238.4623	-353.3381	114.8758	2.031168	2.916898	0.1255026
10548	-238.7045	-353.4833	114.7788	2.126066	3.96993	0.2315788
10554	-237.3008	-351.796	114.4952	1.861434	5.928028	0.2364259
10560	-237.4819	-351.4723	113.9904	1.993396	8.047861	0.2791174
10566	-242.6923	-358.6918	115.9995	1.944473	1.715629	0.2311483
10572	-250.6616	-366.7385	116.0769	1.233621	3.206957	0.7703646
10578	-241.1629	-357.6013	116.4384	1.134219	2.714725	0.6902167
10584	-241.0007	-357.0408	116.0401	0.7542467	3.178917	1.293081
10590	-238.1387	-354.9328	116.7941	0.6037535	1.963573	1.283698
10596	-244.7642	-361.2718	116.5076	0.2358525	1.963573	1.772117
10602	-235.6875	-351.3211	115.6337	0.4228278	3.38351	1.781868
10608	-238.2645	-353.3052	115.0407	0.2777929	4.814919	1.960776
10614	-234.1119	-349.4441	115.3322	0.4805005	3.360364	1.954446
10620	-237.7792	-353.2675	115.4883	0.5495574	4.195718	1.591435
10626	-232.8516	-348.2733	115.4217	0.7807496	4.271059	1.450734
10632	-236.319	-352.1582	115.8393	0.9334915	4.159002	0.9952403
10638	-238.2343	-355.4164	117.182	0.6706783	1.164357	1.381205
10644	-226.4567	-342.6297	116.1731	0.3645924	1.96053	1.914584
10650	-226.377	-342.4748	116.0978	0.1024273	1.96053	2.13866
10656	-232.8871	-348.8414	115.9544	0.2739237	2.837389	1.819255
10662	-235.666	-350.9639	115.2979	0.1527999	2.619753	2.395574
10668	-234.1942	-350.5117	116.3175	0.0998057	2.619753	1.757305
10674	-234.719	-350.0012	115.2822	0.3348351	2.619753	2.289831
10680	-236.0169	-351.3224	115.3056	0.9430351	4.501479	1.359028
10686	-232.0213	-347.544	115.5227	0.8925624	3.982604	1.359028
10692	-234.0252	-350.6605	116.6353	1.201065	2.237627	0.6354418
10698	-239.9944	-353.6216	113.6271	1.215215	11.6157	1.350683
10704	-232.1246	-349.2741	117.1495	0.9341589	1.209789	1.157324
10710	-236.5296	-353.0548	116.5252	1.117456	2.020391	1.03869
10716	-230.4096	-347.2111	116.8015	1.117456	1.91132	0.8063832
10722	-231.6302	-348.0492	116.419	0.6886083	2.382299	1.332044
10728	-236.9764	-352.4235	115.447	0.4872694	2.402227	2.153897
10734	-230.6991	-346.9215	116.2223	0.1167606	1.702649	2.153897
10740	-232.8301	-347.92	115.0899	0.8657018	5.122515	1.4469
10746	-239.6138	-354.5991	114.9853	0.40403	6.15395	1.670644
10752	-229.6458	-344.453	114.8072	1.176136	7.518498	0.935608
10758	-235.6172	-351.017	115.3998	1.18696	3.95593	1.226517
10764	-235.3443	-352.4274	117.0831	0.4768569	1.811673	1.226517
10770	-230.3632	-346.7471	116.3839	0.6916428	2.099748	1.474756
10776	-233.8111	-350.4189	116.6079	1.131398	2.357637	0.7028941
10782	-235.1047	-350.8977	115.793	1.026491	4.207937	0.930109
10788	-238.6028	-353.4564	114.8535	1.406349	6.475698	0.8744553
10794	-243.5037	-359.8361	116.3324	0.9509853	3.29434	0.759209
10800	-234.43	-351.4463	117.0163	1.21933	1.453425	0.7959996
10806	-233.5384	-351.0493	117.5109	1.21933	0.7678964	0.9719176
10812	-235.5908	-352.4383	116.8476	1.012108	1.264822	1.306522
10818	-239.6877	-355.4012	115.7134	1.123675	3.562642	1.13006
10824	-238.6209	-354.1705	115.5497	1.0384	4.289704	1.13006
10830	-238.3517	-354.6937	116.342	0.9536273	2.81142	0.9841685
10836	-237.1713	-353.9474	116.7761	1.483506	1.266726	0.942415
10842	-235.4014	-351.913	116.5116	1.031488	2.065431	1.107595
10848	-237.0673	-353.3816	116.3143	0.913009	2.672658	1.110335
10854	-236.023	-351.6667	115.6437	1.020918	3.915288	1.17164
10860	-251.6261	-367.8407	116.2146	0.8572331	3.139981	1.065455
10866	-251.962	-368.0816	116.1196	1.178279	3.489777	0.578176
10872	-243.8621	-360.2303	116.3682	1.370385	2.461509	0.4229324
10878	-240.1867	-356.6973	116.5106	1.32169	2.304068	0.4985351
10884	-234.7679	-352.1534	117.3855	1.288073	0.8876019	0.8837553
10890	-244.1327	-360.2597	116.1269	1.288073	2.83551	0.8398076
10896	-244.5061	-361.818	117.3119	1.523555	0.8766891	0.6713706
10902	-245.3809	-362.9794	117.5985	1.875508	0.4464454	0.4505604
10908	-235.6169	-353.0524	117.4356	2.147466	0.3742049	0.6400837
10914	-233.2142	-350.476	117.2618	1.522252	0.9629559	0.5639424
10920	-239.3775	-354.401	115.0234	0.9092208	3.718466	1.781564
10926	-234.2183	-350.3337	116.1154	1.269197	2.108304	1.225124
10932	-229.8583	-346.4642	116.6059	0.9931643	2.371557	0.8840983
10938	-232.5097	-349.4301	116.9203	1.35968	1.305933	0.8840983
10944	-240.3003	-356.5491	116.2489	1.563169	2.214911	0.3377788
10950	-240.5913	-357.7966	117.2053	1.304634	1.172526	0.7303138
10956	-242.524	-359.2887	116.7646	1.593873	0.9523154	1.129548
10962	-246.6241	-362.1527	115.5286	1.718968	3.481768	0.341395
10968	-237.9717	-352.9686	114.9969	1.696731	5.338777	0.3795435
10974	-236.4708	-353.9617	117.4908	1.742867	0.5048344	0.8202406
10980	-234.406	-351.099	116.693	1.995809	1.065729	0.477312
10986	-237.3735	-354.3216	116.9481	1.809853	0.9914566	0.5501197
10992	-237.9801	-355.227	117.2469	0.6476971	1.093444	1.399036
10998	-236.5269	-352.8282	116.3013	0.8502005	2.350261	1.309923
11004	-237.2176	-354.8933	117.6758	1.49688	0.3800031	1.118598
11010	-238.971	-355.7164	116.7454	0.8503439	1.647588	1.286447
11016	-245.0475	-361.8902	116.8427	0.7519225	1.249979	1.521423
11022	-249.309	-365.1085	115.7995	0.8686085	2.78617	1.521423
11028	-243.0972	-359.4272	116.33	0.7420802	2.00417	1.518657
11034	-235.0097	-351.7467	116.737	0.5714845	2.00417	1.336563
11040	-233.879	-349.8722	115.9932	0.5538849	2.00417	1.890698
11046	-234.7069	-350.1535	115.4467	0.5256126	3.135476	1.907273
11052	-239.6696	-356.3086	116.639	0.5887505	1.848063	1.472601
11058	-235.0516	-351.5727	116.5211	0.3006653	2.430461	1.533006
11064	-227.5412	-343.5436	116.0024	0.8095683	2.686486	1.44731
11070	-239.1602	-355.2037	116.0435	0.09819338	2.271687	2.06236
11076	-229.8873	-345.6333	115.746	0.2775621	2.552627	2.046427
11082	-232.2791	-348.4692	116.1902	0.3732399	2.17487	1.813251
11088	-235.7709	-351.4288	115.6578	0.5704143	2.17487	2.039652
11094	-232.2741	-348.5035	116.2294	0.7009156	2.17487	1.552028
11100	-237.4017	-353.3811	115.9794	0.691784	2.425855	1.644597
11106	-239.3211	-354.9203	115.5992	0.3132763	3.162919	1.940105
11112	-239.9091	-355.5341	115.625	0.4911178	2.693686	1.940105
11118	-244.7104	-360.0958	115.3854	0.810153	2.526415	1.940105
11124	-245.007	-360.9922	115.9852	1.023253	3.875278	0.8405489
11130	-232.9511	-347.8822	114.9311	0.7274322	4.201709	1.857381
11136	-229.6293	-346.0856	116.4562	0.798727	2.300064	1.246424
11142	-233.3507	-349.5303	116.1796	0.5261272	2.775849	1.496769
11148	-242.7489	-358.4256	115.6767	0.5770604	3.862887	1.51435
11154	-234.4809	-350.2537	115.7728	0.5997623	3.751251	1.454259
11160	-244.2158	-360.04	115.8242	0.4561292	3.13894	1.692921
11166	-243.8065	-359.8775	116.071	0.8035541	3.13894	1.240275
11172	-250.2216	-365.9773	115.7558	1.168191	4.642425	0.4888972
11178	-245.5227	-361.0947	115.572	1.168191	4.730608	0.8359296
11184	-253.2405	-367.7671	114.5266	1.17241	8.903632	0.9634271
11190	-242.7859	-358.9276	116.1417	1.43871	2.82299	0.5252754
11196	-239.7645	-354.4625	114.698	1.264353	8.656214	0.6774065
11202	-240.439	-355.0433	114.6043	1.559393	7.82185	0.5493198
11208	-247.7296	-363.1211	115.3915	1.417059	5.011649	0.5701653
11214	-229.3069	-345.7586	116.4517	0.7039975	2.004347	1.455558
11220	-243.6334	-359.3316	115.6982	1.39633	4.098958	0.4969266
11226	-243.4793	-359.3604	115.8811	1.39633	3.570652	0.4738571
11232	-238.0697	-353.1481	115.0784	1.147244	6.840399	0.8175969
11238	-242.1124	-358.3787	116.2662	0.9249106	3.422179	0.8175969
11244	-242.8372	-358.8947	116.0575	1.513347	2.77457	0.3829897
11250	-243.1474	-358.9637	115.8163	1.694915	2.965745	0.4394453
11256	-238.2195	-353.9872	115.7677	1.479376	3.610652	0.5979622
11262	-230.6841	-346.6785	115.9944	1.234	3.579413	0.6697899
11268	-231.6112	-348.3118	116.7007	1.225461	1.162443	1.324315
11274	-237.0496	-354.2607	117.2111	1.55758	0.9761441	0.4345431
11280	-233.389	-349.3805	115.9915	1.645342	2.694588	0.4615864
11286	-246.427	-363.3855	116.9585	0.9974609	1.134235	1.320785
11292	-243.7118	-359.7398	116.0281	1.078999	3.280217	0.9755306
11298	-243.6873	-360.7182	117.0309	1.078999	1.54017	0.8732808
11304	-237.2775	-353.4468	116.1694	0.9802054	2.883383	1.094304
11310	-236.957	-352.7035	115.7465	0.9067504	3.856851	1.198837
11316	-248.1658	-364.6032	116.4375	0.9232488	2.207371	1.198837
11322	-247.2986	-362.4468	115.1482	0.8697211	6.45308	1.123181
11328	-247.8951	-363.9867	116.0916	1.218014	2.929567	0.9144124
11334	-242.4418	-359.0843	116.6425	1.363876	1.949844	0.6181785
11340	-246.897	-362.7133	115.8164	0.4167763	3.406189	1.651059
11346	-248.1264	-362.9654	114.839	0.3232667	5.491298	1.94126
11352	-238.9685	-355.4545	116.486	1.320054	1.842425	0.983274
11358	-244.2597	-361.8547	117.595	0.933183	0.9259945	0.9951217
11364	-238.2727	-355.077	116.8043	0.9914481	1.840129	0.9951217
11370	-239.0068	-354.6763	115.6694	1.161428	4.452886	0.8269816
11376	-243.6233	-359.9378	116.3145	1.236307	2.726212	0.7187744
11382	-239.2601	-354.698	115.4379	1.127032	5.356944	0.8367772
11388	-240.6194	-356.4257	115.8063	0.3116832	3.830246	1.622346
11394	-233.6264	-348.671	115.0446	0.2801773	4.769063	1.965498
11400	-240.8554	-356.1347	115.2794	0.5273246	2.840421	2.101468
11406	-242.9607	-358.4698	115.5091	0.2852052	2.868396	2.101468
11412	-242.6096	-357.3148	114.7052	0.4101422	4.763182	2.10548
11418	-238.3043	-352.6594	114.3551	0.4594683	5.889506	2.10548
11424	-244.3214	-359.6325	115.3111	0.1551182	3.136655	2.24061
11430	-246.5382	-362.3082	115.77	0.7516386	3.460679	1.421647
11436	-240.8666	-356.3729	115.5062	1.120201	4.728363	0.9648487
11442	-240.111	-356.4112	116.3002	1.382674	2.129883	0.9346094
11448	-236.0188	-353.1757	117.1569	1.166985	1.077996	1.046431
11454	-239.9752	-355.5625	115.5873	0.3365945	4.57018	1.589154
11460	-236.4144	-351.9789	115.5646	0.260853	3.563526	1.893924
11466	-230.7476	-346.4295	115.6818	0.1435578	3.563526	1.893924
11472	-234.454	-350.3925	115.9386	0.9627721	2.370982	1.496129
11478	-229.0813	-344.4416	115.3603	1.333492	5.127046	0.7458656
11484	-231.6676	-346.7165	115.049	1.111876	7.3345	0.7643958
11490	-233.2215	-348.6732	115.4517	1.475187	4.6279	0.5289063
11496	-235.9214	-350.4679	114.5466	1.346521	8.927718	0.7157301
11502	-237.0243	-351.5904	114.5662	1.348927	8.927718	0.6766325
11508	-235.3006	-351.707	116.4064	1.043548	2.591571	0.9289761
11514	-231.7487	-347.4995	115.7508	1.043548	4.741887	0.7588461
11520	-231.2556	-347.5911	116.3355	1.043548	2.436398	1.075795
11526	-234.0133	-348.8386	114.8253	1.101519	7.311741	1.035556
11532	-237.1322	-352.8486	115.7164	1.030019	4.597695	0.8759131
11538	-231.4681	-347.5291	116.061	0.9792924	3.700868	0.8759131
11544	-246.4067	-361.4048	114.9981	0.7077835	5.132984	1.629838
11550	-243.2023	-358.6174	115.4151	0.9023996	4.826741	1.223927
11556	-234.4834	-350.5847	116.1013	0.8257548	3.056708	1.224736
11562	-239.8195	-355.9207	116.1012	0.8013964	2.784301	1.341759
11568	-242.297	-358.3382	116.0412	0.8626161	2.784301	1.340766
11574	-236.5818	-352.9676	116.3858	0.8972201	2.84766	0.9805944
11580	-236.1912	-352.4202	116.229	1.06855	2.113516	1.294807
11586	-241.0571	-357.577	116.5199	1.059036	2.31516	0.9387787
11592	-248.1088	-364.5407	116.4319	1.368144	2.066823	0.8411223
11598	-250.083	-366.1385	116.0555	1.368144	3.193837	0.4819851
11604	-242.1718	-358.4626	116.2908	1.368144	2.555117	0.6694027
11610	-237.3114	-352.8349	115.5235	1.481537	4.362988	0.5495689
11616	-240.9295	-356.6913	115.7619	1.578084	3.394198	0.449961
11622	-235.0821	-351.4229	116.3409	1.581684	2.136882	0.5068525
11628	-235.3247	-352.2868	116.9622	1.34474	1.413222	0.7374707
11634	-241.8545	-357.5443	115.6898	1.56693	2.525046	1.147104
11640	-237.0726	-353.3216	116.249	1.216272	2.682666	0.8630851
11646	-237.0297	-353.3101	116.2804	1.236985	2.7392	0.7611712
11652	-250.8891	-367.507	116.6179	1.697591	1.305626	0.8422012
11658	-241.6629	-358.6372	116.9743	1.112448	1.645115	0.8111874
11664	-243.2081	-359.3025	116.0943	1.393201	2.966558	0.6357552
11670	-243.5156	-359.9632	116.4475	1.289551	2.143526	0.8649936
11676	-250.0604	-367.3772	117.3168	1.725288	0.7021911	0.675042
11682	-243.4475	-360.4136	116.9661	1.587758	1.159023	0.675042
11688	-251.0535	-368.3309	117.2775	1.587758	0.8925301	0.5213665
11694	-254.1056	-369.2239	115.1183	0.8362885	6.202469	1.228619
11700	-242.9352	-359.1194	116.1842	1.535838	2.459345	0.6395366
11706	-237.3405	-353.6801	116.3396	1.535838	2.174027	0.6244675
11712	-242.0974	-356.8631	114.7656	0.4596942	3.478274	2.308957
11718	-242.4093	-357.9515	115.5422	0.9236208	4.095898	1.28801
11724	-248.2467	-364.2004	115.9537	0.9340126	1.963298	1.670576
11730	-242.5347	-359.2075	116.6728	1.491737	1.608079	0.7373349
11736	-246.6213	-361.9681	115.3469	1.259285	5.547623	0.7070205
11742	-248.5357	-364.8691	116.3334	0.4090566	1.204894	2.136599
11748	-243.877	-359.2068	115.3298	0.7071405	4.249192	1.579521
11754	-236.2802	-352.5334	116.2532	1.365402	2.55495	0.7391649
11760	-248.0891	-363.6211	115.532	0.5412096	2.691565	1.969593
11766	-249.8757	-366.9145	117.0388	0.4534251	1.180922	1.639969
11772	-239.2767	-356.1195	116.8428	1.035565	1.180922	1.349367
11778	-239.2189	-356.2506	117.0317	1.570591	1.090276	0.7014411
11784	-241.5508	-356.9084	115.3577	1.566578	4.441783	0.3452647
11790	-239.3951	-354.9424	115.5473	1.566578	4.038485	0.5194011
11796	-238.3771	-354.8991	116.522	1.369141	2.158149	0.6057985
11802	-235.147	-351.722	116.5751	1.296236	2.22208	0.5495708
11808	-233.593	-350.9397	117.3467	1.461429	0.9161679	0.6385147
11814	-240.6915	-356.5012	115.8097	0.2962648	3.67224	1.671231
11820	-250.2195	-367.785	117.5655	1.550576	0.6654671	0.6190389
11826	-245.4528	-362.3133	116.8604	1.478564	1.478567	0.5509737
11832	-237.8211	-354.9737	117.1526	1.071713	1.013117	1.193253
11838	-242.453	-358.1782	115.7252	0.9687647	3.759177	1.193253
11844	-243.3458	-359.8343	116.4885	0.8383095	2.204654	1.228912
11850	-251.785	-367.3176	115.5326	0.7696692	3.892413	1.470252
11856	-251.1138	-367.0375	115.9237	0.7434408	2.233107	1.718807
11862	-248.5361	-363.7939	115.2579	1.134873	4.179141	1.325096
11868	-250.6727	-367.6587	116.9859	1.029842	1.414373	1.06752
11874	-237.1433	-352.4514	115.3081	0.7320387	5.924822	1.212415
11880	-238.5905	-355.2711	116.6806	0.6718011	2.430019	1.103351
11886	-240.4537	-356.3639	115.9102	1.105202	3.233963	1.082616
11892	-232.2239	-347.988	115.7641	0.9913463	4.832286	0.7768745
11898	-234.9147	-352.055	117.1403	1.715732	0.8754987	0.6296878
11904	-244.7011	-360.6728	115.9717	1.544781	2.905467	0.6296878
11910	-241.5898	-358.1398	116.55	1.320991	2.17834	0.6296878
11916	-235.8454	-351.6282	115.7827	1.320991	3.96992	0.6418537
11922	-228.5879	-344.1158	115.528	1.492986	4.298522	0.5701887
11928	-233.3816	-349.2885	115.9069	0.5121426	4.298522	1.272569
11934	-234.543	-351.2558	116.7128	0.9942068	1.401517	1.340867
11940	-239.5693	-356.6627	117.0935	2.122629	0.5763572	0.3567887
11946	-241.077	-356.3528	115.2758	2.141801	2.545121	0.2079513
11952	-240.6468	-356.1184	115.4716	1.946001	2.545121	0.2079513
11958	-243.8256	-358.992	115.1664	2.070791	2.962124	0.2114257
11964	-244.0376	-360.1986	116.161	0.2446597	2.389158	1.843779
11970	-242.1151	-357.6143	115.4992	0.5838007	4.700679	1.441313
11976	-235.2537	-351.2783	116.0246	0.7090792	2.245113	1.667006
11982	-231.1336	-347.247	116.1134	0.5376202	2.403816	1.667006
11988	-230.1023	-345.7154	115.613	0.5136813	4.728137	1.40137
11994	-234.1543	-349.9689	115.8146	0.8161395	2.614203	1.607308
12000	-235.71	-350.7101	115	1.661805	5.529264	0.4143175
12006	-235.2233	-350.5022	115.2789	1.427456	5.409065	0.5426884
12012	-235.2071	-350.3725	115.1654	1.459291	5.644073	0.6188118
12018	-233.0294	-349.205	116.1756	1.388541	2.856699	0.4653237
12024	-239.4237	-355.5027	116.079	1.473391	2.856699	0.4202218
12030	-235.5959	-352.147	116.5511	1.473391	1.93617	0.4202218
12036	-235.0877	-351.8006	116.7129	1.669584	1.424804	0.5314697
12042	-238.6555	-354.9158	116.2603	1.373127	2.704636	0.5314697
12048	-240.3188	-356.8369	116.5181	1.428269	2.03912	0.6367414
12054	-249.0025	-364.0749	115.0724	0.8746215	5.403019	1.395282
12060	-241.4487	-357.8825	116.4339	1.465563	2.159727	0.5761184
12066	-235.5894	-351.6606	116.0712	1.242958	3.405023	0.625387
12072	-233.3034	-350.2818	116.9784	0.9705627	1.714438	0.9193881
12078	-237.6733	-353.2577	115.5844	0.9590074	4.661375	1.066203
12084	-239.3994	-355.6881	116.2887	1.450434	2.483302	0.4695248
12090	-236.4188	-353.1122	116.6934	0.7455548	2.125435	1.170176
12096	-241.7791	-358.2515	116.4724	0.9025838	2.874432	0.8673756
12102	-240.4416	-356.2644	115.8228	1.033832	3.364813	1.178836
12108	-240.8668	-355.1817	114.3149	0.9139342	9.203259	1.336572
12114	-232.1526	-349.002	116.8494	1.078572	1.469379	1.110188
12120	-241.8547	-356.8059	114.9512	1.318628	7.151347	0.6400471
12126	-237.3871	-352.0022	114.6151	1.733424	6.921952	0.5394205
12132	-233.9812	-349.879	115.8978	1.600715	2.749193	0.2959114
12138	-238.8556	-354.9046	116.0491	1.827638	1.982523	0.2834958
12144	-232.2777	-349.0696	116.7919	1.909589	1.052958	0.4825898
12150	-222.1258	-338.9942	116.8684	0.8808735	1.22343	1.421455
12156	-229.4054	-344.8406	115.4352	0.6392825	1.475252	2.425506
12162	-229.391	-345.5687	116.1777	0.6797882	1.961108	1.693019
12168	-235.5813	-352.1245	116.5432	0.273179	1.364727	2.000608
12174	-236.3619	-352.2962	115.9343	0.1308663	2.183543	2.143703
12180	-244.28	-360.7358	116.4557	0.8202343	2.125251	1.307047
12186	-238.9568	-355.3333	116.3765	0.5787128	2.125251	1.553894
12192	-240.3971	-356.4476	116.0505	0.5517628	1.877153	1.905052
12198	-240.0313	-356.4602	116.4289	0.6884686	1.877153	1.541714
12204	-239.8685	-356.0793	116.2108	0.8526223	2.880573	1.172528
12210	-236.4442	-353.2589	116.8147	0.2202254	1.681536	1.692488
12216	-227.9357	-344.4544	116.5186	0.333984	1.909957	1.718241
12222	-238.5353	-354.3198	115.7845	1.007232	3.946968	1.045908
12228	-241.4065	-357.7218	116.3153	1.063696	2.888276	0.8553801
12234	-233.743	-350.7594	117.0164	1.038984	0.7706594	1.536735
12240	-248.3633	-363.7646	115.4013	0.5652283	3.391763	1.841798
12246	-234.421	-350.1976	115.7766	0.7394987	3.391763	1.446068
12252	-235.3959	-351.7154	116.3196	0.9841151	2.76181	0.9986426
12258	-234.8126	-351.3419	116.5293	1.002893	2.714133	0.7563588
12264	-238.7521	-355.6691	116.917	1.162101	1.713586	0.7583064
12270	-242.2743	-359.6453	117.371	1.135393	0.7605235	1.18925
12276	-249.4425	-365.4488	116.0063	0.9743205	2.818623	1.265954
12282	-249.2808	-365.6963	116.4155	0.8377765	2.206361	1.289154
12288	-239.9185	-356.1534	116.2349	0.5572709	2.696702	1.458767
12294	-249.7569	-365.4027	115.6458	0.6636912	5.916603	0.9642547
12300	-242.9729	-359.3978	116.425	0.5308239	1.58417	1.79493
12306	-243.0126	-357.6164	114.6038	0.6629521	4.79754	1.998727
12312	-251.7487	-368.6329	116.8842	0.6864978	1.384779	1.457052
12318	-242.3233	-358.6802	116.3568	0.4769861	2.492059	1.501132
12324	-243.7996	-359.6792	115.8796	1.220592	3.184885	1.020605
12330	-244.394	-359.6209	115.2269	0.8981983	6.498794	1.012546
12336	-231.1193	-347.5003	116.3809	0.4464164	2.123035	1.647813
12342	-229.414	-345.6383	116.2243	0.7156269	2.123035	1.566052
12348	-241.8104	-356.0513	114.2409	0.3493146	5.607541	2.296324
12354	-237.6314	-353.6717	116.0403	1.114243	1.641225	1.626472
12360	-236.68	-352.3054	115.6254	0.7635331	3.826856	1.421366
12366	-243.9239	-359.513	115.5891	0.719411	3.896049	1.46457
12372	-245.409	-361.3812	115.9722	1.3272	3.453442	0.6158275
12378	-246.8278	-362.6135	115.7858	1.53636	3.453442	0.5163738
12384	-236.2925	-353.1935	116.9011	0.5801315	1.455618	1.483771
12390	-236.3802	-352.7662	116.386	0.6394182	2.343872	1.412208
12396	-227.1035	-343.7263	116.6228	0.7352999	2.102759	1.249962
12402	-236.6369	-353.6882	117.0513	1.206619	1.337523	0.8800316
12408	-227.8486	-344.9427	117.0941	0.5661335	1.363099	1.401277
12414	-235.7	-351.3981	115.6981	0.5859687	1.363099	2.347344
12420	-242.3632	-358.137	115.7738	0.6885706	2.313931	1.831537
12426	-239.4122	-355.008	115.5958	0.4184247	2.049362	2.225535
12432	-238.4245	-355.2106	116.7861	0.2793348	2.049362	1.504005
12438	-248.4863	-364.5792	116.0928	0.6814486	2.049362	1.715306
12444	-240.3187	-356.6274	116.3087	1.666758	2.043492	0.4950673
12450	-235.6399	-351.0094	115.3694	1.911872	3.165751	0.2710715
12456	-234.5769	-350.6629	116.086	1.831175	1.985944	0.3151023
12462	-233.2208	-350.0027	116.7819	1.55835	1.480541	0.468283
12468	-240.7027	-356.7772	116.0744	1.694163	2.186492	0.2886776
12474	-239.9807	-356.1208	116.1401	1.694163	2.186492	0.3451213
12480	-239.6018	-355.3453	115.7435	1.952067	2.314585	0.2855774
12486	-237.7541	-353.3786	115.6245	1.952067	2.314585	0.2243102
12492	-235.994	-351.0444	115.0504	1.952067	3.81551	0.2523973
12498	-234.0274	-349.3434	115.316	1.952067	3.117255	0.2528754
12504	-230.5636	-345.4731	114.9095	1.913606	4.636307	0.3060722
12510	-245.6337	-363.0126	117.3789	1.21364	0.9839723	0.8600138
12516	-236.42	-352.0766	115.6566	0.9385662	4.126479	1.170427
12522	-236.7302	-352.4439	115.7137	1.106352	3.831897	1.056677
12528	-239.9109	-355.327	115.4161	0.9696148	3.898416	1.404681
12534	-230.014	-345.1264	115.1124	1.457981	5.938028	0.5550753
12540	-227.1978	-343.4919	116.2941	1.457981	2.458449	0.4747581
12546	-230.9707	-347.2675	116.2969	1.457981	2.450521	0.4655276
12552	-239.7431	-355.9063	116.1632	0.834726	4.23602	0.67903
12558	-237.0183	-353.3881	116.3698	0.8150472	3.236354	0.9113233
12564	-232.5807	-348.3197	115.7391	0.7918538	4.214431	1.201229
12570	-243.8271	-357.6695	113.8424	0.02226647	4.810272	2.880723
12576	-235.3575	-350.111	114.7535	0.08202709	4.484318	2.339841
12582	-239.2699	-354.4401	115.1702	0.03641581	3.281928	2.369054
12588	-242.3214	-357.0886	114.7672	0.01816722	5.916549	2.120315
12594	-244.946	-359.1485	114.2024	0.6991142	4.826116	2.232513
12600	-243.9023	-359.6226	115.7203	0.4059667	2.424174	2.020323
12606	-236.85	-352.7247	115.8747	0.528996	3.293342	1.559058
12612	-250.0141	-366.0529	116.0388	0.8448314	1.933163	1.686306
12618	-245.5183	-361.4074	115.8891	0.563384	1.834955	2.023152
12624	-245.6315	-362.086	116.4545	0.120804	2.516348	1.681024
12630	-244.7052	-359.8916	115.1864	0.04559729	2.89543	2.454289
12636	-242.4945	-358.6733	116.1788	0.05894107	2.908503	1.791104
12642	-239.9679	-355.6747	115.7069	0.7866817	2.505798	1.742426
12648	-241.0219	-357.7101	116.6882	1.362527	1.84643	0.6615212
12654	-238.1479	-354.2233	116.0754	0.0474533	1.929732	2.200941
12660	-235.5139	-351.3407	115.8268	0.1131367	2.649691	2.071127
12666	-245.7582	-362.0118	116.2536	0.2214571	1.743679	2.046926
12672	-256.7784	-371.3797	114.6012	0.2954534	5.734597	2.076749
12678	-255.2122	-371.3446	116.1324	0.3790699	2.964795	1.579029
12684	-253.35	-369.454	116.104	0.6871834	2.362789	1.580846
12690	-254.6308	-369.266	114.6352	0.8342716	9.284947	1.12174
12696	-257.2837	-371.8341	114.5504	0.919043	9.284947	1.12174
12702	-249.3779	-365.4666	116.0887	1.197213	2.88831	0.9591241
12708	-233.6153	-349.888	116.2728	1.303188	2.719978	0.6796507
12714	-236.3754	-352.6753	116.2999	1.337816	2.685832	0.5586185
12720	-245.3543	-361.1224	115.7681	0.5845884	1.252592	2.361058
12726	-245.6158	-361.0561	115.4403	0.553521	3.259254	1.858575
12732	-237.57	-353.2277	115.6577	0.8559006	2.360059	1.779553
12738	-235.599	-351.7639	116.1649	0.5621109	1.240472	2.126763
12744	-235.3555	-351.4539	116.0984	0.6286157	1.240472	2.126763
12750	-236.5242	-351.9089	115.3847	0.12966	3.460144	2.126763
12756	-246.5774	-362.3244	115.747	0.3045704	2.996681	1.892794
12762	-244.5437	-360.1902	115.6465	0.4598323	2.870127	1.892794
12768	-247.6519	-363.4728	115.8209	0.7666935	4.033162	1.20363
12774	-238.8203	-355.6889	116.8686	0.9888301	1.987804	0.8267095
12780	-242.6628	-357.4306	114.7678	1.162669	6.798801	1.132667
12786	-253.6878	-369.8633	116.1755	1.103587	2.931653	0.9464344
12792	-248.7502	-363.6055	114.8553	0.8514712	3.675668	1.946437
12798	-248.6119	-364.1959	115.584	0.4599421	2.831784	1.946437
12804	-247.2511	-362.8842	115.6331	0.638984	3.574961	1.576866
12810	-232.1515	-348.4137	116.2622	1.031777	2.748998	1.014079
12816	-229.6525	-345.7378	116.0853	0.9416193	2.805727	1.232151
12822	-240.1979	-356.3833	116.1854	1.130211	2.598456	1.060935
12828	-240.0485	-356.8894	116.8409	1.247253	1.585089	0.8612102
12834	-238.7654	-356.0626	117.2973	1.233972	1.049168	0.8562517
12840	-240.2496	-356.4823	116.2327	1.233972	2.991483	0.6582338
12846	-235.6897	-352.139	116.4493	1.18487	2.506202	0.7515209
12852	-246.9995	-363.2235	116.224	1.275505	2.911546	0.6616061
12858	-243.4617	-358.8677	115.406	1.488833	4.598802	0.6601485
12864	-241.9889	-359.0739	117.085	1.022806	0.5280763	1.74056
12870	-240.2457	-357.4751	117.2294	1.535182	0.4408095	1.364261
12876	-241.4347	-357.909	116.4743	1.120286	0.5077759	2.109745
12882	-234.0629	-350.728	116.6651	1.458442	0.7849911	1.472781
12888	-229.9236	-345.9966	116.0731	0.8691452	1.14084	2.042654
12894	-227.8196	-344.4389	116.6192	0.5480271	1.549963	1.66324
12900	-230.5327	-346.4174	115.8847	0.527825	1.70208	2.106195
12906	-227.0761	-342.9577	115.8816	0.7846107	3.046771	1.437236
12912	-237.7051	-354.4307	116.7257	0.8039997	1.770239	1.273829
12918	-239.7017	-356.6099	116.9082	1.063206	1.80939	0.8205249
12924	-228.59	-344.0878	115.4978	0.9769597	2.869079	1.63587
12930	-232.5516	-348.2836	115.732	1.061396	3.771414	1.101291
12936	-232.0068	-349.4398	117.433	0.8792951	1.174195	0.9706841
12942	-221.6691	-338.6999	117.0309	1.105498	1.385972	0.9706841
12948	-228.7042	-345.1092	116.405	1.129545	2.64054	0.8008943
12954	-243.8097	-359.931	116.1214	1.626558	2.467883	0.5198895
12960	-239.8955	-355.9669	116.0714	1.360576	2.814127	0.8305917
12966	-240.3025	-357.112	116.8095	1.135397	1.931127	0.7535356
12972	-247.119	-362.2374	115.1185	1.476543	5.477369	0.7535356
12978	-240.6342	-357.9092	117.275	1.482745	0.9341771	0.7004581
12984	-242.7519	-359.1893	116.4374	0.7828393	1.792887	1.504476
12990	-240.1388	-357.1662	117.0275	1.592762	1.080862	0.6852194
12996	-244.391	-360.3377	115.9467	1.632645	2.706189	0.6852194
13002	-257.5755	-374.1535	116.578	1.847823	1.363809	0.5561313
13008	-251.3882	-367.9046	116.5164	1.528869	1.914259	0.5601927
13014	-253.4702	-371.017	117.5469	1.504949	0.7302124	0.5477374
13020	-240.3971	-357.7865	117.3894	1.504949	0.8235183	0.6735523
13026	-243.4822	-360.1672	116.6851	1.214154	2.084328	0.6808603
13032	-242.9993	-359.7088	116.7095	1.137117	2.065481	0.781339
13038	-234.7469	-352.2381	117.4912	1.351403	0.5561325	1.139426
13044	-250.0594	-367.185	117.1257	1.190972	0.9341231	1.183144
13050	-240.7099	-355.9117	115.2018	0.2541988	4.258976	1.981867
13056	-246.2597	-361.4443	115.1846	0.2714016	4.258976	1.981867
13062	-237.6272	-354.3206	116.6934	1.106365	1.465333	1.225052
13068	-237.6463	-354.2826	116.6363	0.8045385	2.01027	1.225052
13074	-246.4329	-363.2808	116.8479	0.9629614	1.968009	0.8962865
13080	-237.6022	-354.1751	116.573	1.220361	2.188165	0.7595884
13086	-231.4238	-347.492	116.0682	1.226725	3.264685	0.7595884
13092	-229.9646	-346.6466	116.682	1.197165	1.979166	0.8052187
13098	-240.8738	-357.4898	116.616	1.123764	2.418192	0.6414757
13104	-237.4724	-353.6498	116.1774	1.054887	3.515824	0.7058069
13110	-241.3449	-356.374	115.0291	1.30713	6.828739	0.6449025
13116	-231.7478	-347.9126	116.1648	1.440901	2.76584	0.4722233
13122	-243.8011	-359.37	115.5689	1.439394	4.361646	0.5304815
13128	-232.4856	-348.0229	115.5373	1.58457	4.001688	0.4512988
13134	-232.2964	-347.9181	115.6216	1.250592	3.780554	1.02376
13140	-230.5435	-346.8023	116.2588	1.17491	2.206517	1.135416
13146	-232.1291	-349.2664	117.1374	0.7312708	1.042725	1.456143
13152	-244.0406	-360.784	116.7434	0.9581991	1.636096	1.204509
13158	-241.0904	-357.7058	116.6154	0.8393468	0.8475246	1.897501
13164	-243.4393	-358.5908	115.1514	0.3756272	5.812004	1.631164
13170	-236.74	-353.6004	116.8604	0.07336946	1.540112	1.831762
13176	-235.9162	-351.8092	115.893	0.3459809	3.28794	1.679735
13182	-248.7582	-365.2848	116.5266	0.709978	1.8315	1.473797
13188	-241.9977	-359.6233	117.6257	1.099418	0.8959404	0.8097012
13194	-238.6393	-355.0792	116.44	1.184195	2.727022	0.5212814
13200	-242.0274	-358.3262	116.2988	0.1582117	3.24473	1.533901
13206	-243.2659	-359.5151	116.2492	0.1029897	3.107173	1.650979
13212	-245.0356	-361.2024	116.1668	0.2811006	2.276869	1.854831
13218	-234.8883	-350.7469	115.8586	0.594996	2.465963	1.784046
13224	-240.6628	-357.7859	117.1231	1.09384	1.30462	0.9543933
13230	-233.0072	-350.142	117.1348	1.305845	1.30462	0.6521765
13236	-233.4209	-349.3475	115.9265	1.815206	2.169343	0.2661148
13242	-237.3562	-353.4723	116.116	1.887783	1.570949	0.2153423
13248	-237.038	-352.3463	115.3083	1.859094	3.495565	0.2802991
13254	-249.6352	-364.9141	115.2789	1.874249	3.495565	0.2715304
13260	-249.8459	-364.8871	115.0412	1.874249	4.239394	0.2841514
13266	-258.2371	-372.7258	114.4887	2.219535	4.926316	0.2841514
13272	-241.4816	-357.9952	116.5136	1.269684	2.286282	0.6908655
13278	-245.3308	-359.9545	114.6237	1.481972	7.843761	0.6908655
13284	-243.617	-359.5402	115.9232	1.443663	3.336376	0.5208725
13290	-254.8676	-370.5646	115.6969	1.51808	3.724369	0.5660093
13296	-249.4432	-365.6577	116.2144	0.937562	1.390291	1.758216
13302	-242.5491	-357.591	115.0419	0.8419705	4.720086	1.585746
13308	-228.8242	-344.8438	116.0196	0.7969252	3.310447	1.231236
13314	-221.8807	-338.0065	116.1258	1.151199	3.239523	0.7985391
13320	-240.414	-355.7468	115.3327	0.9414497	4.435676	1.354791
13326	-236.4237	-351.6171	115.1934	0.9814126	5.954577	1.086721
13332	-239.0979	-354.9267	115.8289	1.010853	3.525685	1.139976
13338	-240.7841	-356.0085	115.2244	0.9160557	5.855527	1.139976
13344	-235.5901	-351.3912	115.8011	0.7314714	2.296217	1.789451
13350	-237.74	-353.4784	115.7384	0.9166829	2.296217	1.703624
13356	-240.2372	-355.6443	115.407	1.105813	5.654768	0.8046792
13362	-242.5864	-358.6322	116.0458	0.8062922	2.782689	1.382201
13368	-251.3415	-365.6595	114.318	0.6865361	8.384583	1.615306
13374	-251.8661	-368.4467	116.5806	0.4433828	2.261905	1.446401
13380	-242.8572	-359.0848	116.2277	0.8379111	2.89158	1.166398
13386	-245.1808	-362.5455	117.3648	1.339378	0.6712704	1.115583
13392	-242.3968	-358.1809	115.7841	0.9036903	2.374598	1.651313
13398	-243.607	-360.3931	116.7861	0.6937965	1.176984	1.651313
13404	-240.3472	-356.9417	116.5945	0.5505549	1.170021	1.889055
13410	-238.7591	-354.7432	115.9841	0.6496136	3.528586	1.313167
13416	-237.8642	-353.8266	115.9624	0.8271642	2.642998	1.479754
13422	-237.2813	-353.5951	116.3139	0.8186899	2.505807	1.26138
13428	-242.415	-359.0603	116.6453	0.9912967	1.90108	1.110913
13434	-238.1257	-354.5085	116.3828	1.023439	2.15884	1.182528
13440	-249.8442	-365.6999	115.8557	1.23295	3.813033	0.7626152
13446	-246.4324	-362.7822	116.3498	0.6337492	3.689636	0.9433799
13452	-239.4884	-354.8063	115.3178	0.5384026	5.051286	1.536438
13458	-235.2563	-351.4098	116.1535	0.2961748	1.916114	1.991652
13464	-228.9349	-344.7596	115.8247	0.3014843	2.684399	1.93619
13470	-229.6127	-345.9259	116.3132	0.7552785	2.577021	1.285703
13476	-235.6502	-351.5026	115.8525	0.3612658	2.998017	1.780991
13482	-236.7699	-352.6644	115.8945	0.3726076	3.457493	1.612479
13488	-241.2081	-357.1114	115.9033	0.9763414	4.602429	0.6874821
13494	-240.6781	-356.8408	116.1628	0.6743502	2.003456	1.689699
13500	-243.9065	-359.9827	116.0763	0.3912077	2.901723	1.63082
13506	-233.3679	-349.4101	116.0422	0.6551499	2.901723	1.460871
13512	-233.632	-349.4862	115.8542	0.6731148	3.486792	1.409593
13518	-234.2479	-350.7218	116.4739	0.6191419	2.70472	1.215153
13524	-226.4401	-342.6604	116.2202	0.3717347	2.491306	1.677907
13530	-231.7365	-348.1167	116.3802	0.9320568	2.206075	1.240502
13536	-232.8137	-349.2206	116.4069	0.5245161	2.206075	1.538588
13542	-235.8187	-352.7826	116.9638	0.5826005	2.206075	1.030819
13548	-230.2202	-346.1496	115.9293	0.4079491	2.070408	2.006083
13554	-234.1968	-351.0151	116.8183	0.4993051	1.659696	1.497251
13560	-246.3984	-362.8327	116.4342	0.7808108	1.338841	1.742537
13566	-242.8934	-358.9488	116.0553	0.8263599	2.3415	1.522189
13572	-239.8946	-356.0848	116.1902	0.6033714	2.516718	1.522189
13578	-244.0131	-359.8677	115.8546	0.2920032	3.078414	1.804078
13584	-242.707	-359.3206	116.6137	0.7958354	1.890544	1.310115
13590	-241.6824	-357.5819	115.8995	0.4309948	3.016185	1.693619
13596	-233.9453	-350.1414	116.1961	0.6038077	2.442723	1.544633
13602	-248.0196	-364.4491	116.4295	0.7531368	2.442723	1.245718
13608	-244.437	-360.7848	116.3478	0.6067934	2.553602	1.385752
13614	-241.0842	-357.2708	116.1866	1.534551	2.027752	0.9556651
13620	-240.0185	-356.145	116.1266	0.953743	3.396518	0.9562595
13626	-241.2428	-357.109	115.8663	1.371342	3.396518	0.7679861
13632	-251.3159	-366.9604	115.6445	0.9857029	4.372666	1.067393
13638	-246.6162	-362.9435	116.3273	0.9072174	1.731943	1.523319
13644	-231.2979	-347.0962	115.7983	1.40603	3.776467	0.4901848
13650	-243.4196	-359.1383	115.7187	1.177026	4.681336	0.5977714
13656	-234.7777	-351.1312	116.3535	1.370966	2.394598	0.695635
13662	-240.6636	-357.3487	116.6851	1.315558	1.237114	1.208928
13668	-236.8675	-353.0613	116.1939	0.8706726	2.783083	1.208928
13674	-244.4215	-361.5631	117.1416	0.9853716	1.444111	0.9335843
13680	-239.2715	-355.6614	116.3899	1.018914	0.8430047	1.932077
13686	-242.9771	-359.9626	116.9855	1.089118	1.673139	0.8021943
13692	-230.8503	-347.524	116.6738	0.7840519	1.555087	1.44623
13698	-223.6306	-340.385	116.7544	0.5621286	1.948959	1.356191
13704	-225.691	-342.6188	116.9278	1.277876	1.638412	0.6181933
13710	-232.2477	-349.7379	117.4901	1.063335	1.051888	0.8255806
13716	-241.4162	-358.8437	117.4274	1.158656	0.9307364	0.9296486
13722	-228.0546	-344.9369	116.8823	0.9710327	1.41701	1.210666
13728	-238.0347	-355.9741	117.9393	1.185426	0.5749778	0.8188705
13734	-242.3382	-360.0332	117.695	1.325801	0.7449596	0.5975397
13740	-237.4013	-354.4153	117.014	1.192166	1.432713	0.8533991
13746	-238.7289	-353.6792	114.9503	0.913117	3.589335	1.861544
13752	-238.0085	-354.1188	116.1103	0.6454884	1.221332	2.118607
13758	-228.033	-344.2998	116.2668	0.8020961	1.973171	1.534584
13764	-239.4282	-354.4351	115.0069	0.3505349	2.059452	2.635604
13770	-244.0389	-358.4464	114.4075	1.083468	8.128132	1.279141
13776	-246.8827	-362.4538	115.5711	1.133951	4.350437	1.001705
13782	-238.231	-354.0868	115.8558	0.1231118	3.277858	1.86377
13788	-234.9996	-350.4956	115.496	0.1532608	2.872782	2.194763
13794	-242.8175	-358.0696	115.2521	0.06269537	3.025302	2.366898
13800	-250.092	-365.5807	115.4888	0.9239832	3.532247	1.484159
13806	-241.8063	-358.5025	116.6962	1.062808	1.724656	1.10121
13812	-243.0788	-358.1355	115.0567	1.335033	6.686454	0.5774983
13818	-239.126	-355.6233	116.4973	0.8186638	2.102043	1.285079
13824	-233.8399	-350.8511	117.0112	0.5310796	2.102043	1.0893
13830	-231.2866	-347.1628	115.8762	0.3256528	2.771954	1.857573
13836	-236.368	-351.8918	115.5238	0.1207408	2.773727	2.226403
13842	-244.6207	-360.6089	115.9882	0.2785926	1.643926	2.226403
13848	-238.6868	-354.5924	115.9056	0.8291024	3.001544	1.399132
13854	-250.1398	-366.0846	115.9448	0.4601589	2.121596	1.941366
13860	-240.2918	-355.7642	115.4724	0.3096517	3.491781	1.941366
13866	-250.6724	-367.3691	116.6967	0.708248	1.576677	1.47475
13872	-243.5066	-359.3832	115.8766	0.8338875	3.374763	1.29824
13878	-237.9243	-353.9906	116.0663	0.6360295	2.557795	1.574768
13884	-238.0688	-353.7387	115.6699	0.4447408	3.973289	1.589114
13890	-246.4289	-361.4693	115.0404	1.400347	6.027696	0.7775921
13896	-239.3318	-355.3565	116.0248	1.426565	3.08467	0.41178
13902	-233.0001	-348.6204	115.6204	1.391277	4.352921	0.5244269
13908	-236.0881	-352.7036	116.6156	1.391277	1.986433	0.5321562
13914	-234.7664	-350.2138	115.4473	1.405038	3.449963	1.154029
13920	-245.1059	-361.2984	116.1925	0.2633188	3.026161	1.600634
13926	-239.1609	-355.4928	116.332	0.5395741	2.147451	1.606067
13932	-240.3606	-355.2252	114.8645	1.443637	6.846888	0.6927707
13938	-239.4366	-355.1812	115.7446	1.397017	3.913554	0.5925311
13944	-228.3802	-344.7714	116.3912	0.3253914	2.147451	1.716937
13950	-233.0827	-349.4772	116.3945	0.642686	1.489969	1.785525
13956	-241.2211	-356.8128	115.5918	0.5250713	3.216835	1.785525
13962	-241.2453	-357.7324	116.4871	0.5593026	1.477541	1.785525
13968	-239.745	-354.7283	114.9832	0.3686888	3.417028	2.24274
13974	-230.6159	-347.2817	116.6658	0.968672	1.711607	1.218326
13980	-244.9812	-362.5586	117.5774	1.447338	0.6214632	0.8588189
13986	-240.6286	-357.4976	116.869	1.303312	1.276272	1.023268
13992	-242.0775	-357.8913	115.8139	1.211598	4.23043	0.6235106
13998	-233.2625	-348.8083	115.5458	1.500429	4.12	0.3696348
14004	-230.124	-346.1851	116.0611	0.4272771	2.603515	1.71285
14010	-235.71	-352.1001	116.3901	1.422856	2.334544	0.5425178
14016	-239.3779	-355.5691	116.1912	1.194108	3.18517	0.6602917
14022	-238.1384	-354.9358	116.7974	1.14206	1.87025	0.8125481
14028	-239.9557	-356.3871	116.4313	1.151314	2.563495	0.7855078
14034	-243.2785	-359.4613	116.1828	0.7668508	2.518431	1.402942
14040	-239.0495	-355.2274	116.1779	0.7762818	2.506947	1.403765
14046	-235.1881	-352.0729	116.8848	0.9095147	1.788067	1.029132
14052	-244.7832	-361.089	116.3058	0.8759919	2.52449	1.212407
14058	-243.3542	-360.0495	116.6952	1.164476	1.493975	1.154998
14064	-243.5725	-360.4608	116.8883	0.901279	1.574745	1.165435
14070	-232.5799	-347.5086	114.9287	0.9861391	6.402291	1.223121
14076	-234.1021	-350.0587	115.9566	0.9861391	0.6691568	2.375668
14082	-245.4894	-362.2288	116.7393	1.252031	1.564395	0.9831686
14088	-230.9009	-347.9737	117.0727	0.7357864	1.358305	1.286228
14094	-247.6724	-363.6755	116.0032	0.7423125	2.703293	1.491821
14100	-239.7064	-356.5906	116.8842	1.100072	1.222838	1.233144
14106	-234.7485	-351.5521	116.8036	1.466038	1.559589	0.5926733
14112	-235.574	-351.5007	115.9267	1.323198	3.573744	0.6273956
14118	-236.932	-352.4178	115.4857	1.643172	3.964511	0.4306754
14124	-239.5678	-355.9553	116.3875	1.43369	2.303688	0.4285635
14130	-239.5551	-355.3896	115.8345	1.43369	3.538458	0.6138324
14136	-240.7288	-356.5726	115.8438	0.774175	4.854287	0.9351632
14142	-242.6604	-359.623	116.9626	1.231123	1.447505	0.8548355
14148	-233.2069	-349.4321	116.2253	1.231123	2.716743	0.8548355
14154	-234.4348	-350.3997	115.9648	1.27591	3.649951	0.4356201
14160	-244.1282	-359.4221	115.2939	0.8274393	5.691375	1.192441
14166	-249.3653	-364.4817	115.1164	0.5400737	5.005919	1.690401
14172	-224.2182	-340.8264	116.6083	0.9514079	1.990164	1.132094
14178	-236.3545	-352.8746	116.5202	1.29732	2.041078	0.8378484
14184	-243.234	-357.287	114.053	0.6521796	6.531	2.078446
14190	-243.6425	-358.0142	114.3717	0.8898785	6.531	1.699661
14196	-247.0411	-362.101	115.0599	0.6922666	6.531	1.332775
