Iteration	Posterior	Likelihood	Prior	rate_log_sd	rate_neo	tree_length
0	-239.7138	-355.007	115.2932	0.5830371	3.761507	1.810034
6	-238.4603	-353.5468	115.0865	0.9874404	3.856727	1.647437
12	-246.311	-361.5731	115.2622	0.03407423	2.461397	2.540613
18	-239.0363	-355.9304	116.8941	0.02696096	2.098286	1.590048
24	-243.0478	-359.6157	116.5679	0.9592433	2.197553	1.053796
30	-235.4991	-351.2802	115.7811	0.565139	3.525374	1.535775
36	-233.0744	-349.2845	116.2101	0.5879016	2.290076	1.603504
42	-228.264	-344.9719	116.7078	0.9415728	2.085681	0.9951498
48	-230.7713	-347.3778	116.6065	0.9543449	2.112836	1.066311
54	-229.2272	-344.4626	115.2354	0.3151251	2.172982	2.475957
60	-229.4769	-344.8861	115.4092	0.893258	4.438339	1.33161
66	-231.7193	-347.926	116.2067	1.084015	3.174274	0.8150455
72	-234.3143	-350.088	115.7737	1.082712	4.74051	0.6525569
78	-235.1918	-351.3167	116.1249	1.40401	2.777383	0.3322915
84	-235.0687	-352.1353	117.0665	1.464608	1.222873	0.5968255
90	-240.2467	-355.9908	115.7441	1.497975	3.527877	0.6802556
96	-240.9449	-357.0641	116.1192	1.082663	3.527877	0.747434
102	-239.9411	-356.8804	116.9394	1.225607	1.671339	0.6601658
108	-237.6595	-353.9748	116.3154	1.225607	2.818963	0.6601658
114	-239.1192	-355.283	116.1637	1.419615	2.818963	0.5073027
120	-238.3843	-354.1073	115.723	1.587768	3.408002	0.3886641
126	-249.4278	-364.9724	115.5446	1.281041	4.452766	0.8336165
132	-229.6321	-345.8218	116.1897	1.076838	3.161016	0.8520164
138	-235.5242	-352.1719	116.6477	1.042068	1.871139	1.078839
144	-239.45	-355.807	116.357	1.260792	2.324661	0.8904396
150	-232.8784	-349.3754	116.497	1.231715	1.950636	0.9944836
156	-232.6481	-349.3194	116.6713	1.200134	1.449835	1.17359
162	-229.5847	-345.9927	116.408	1.199927	2.365787	0.8772094
168	-229.414	-345.637	116.223	0.8975771	2.783921	1.160145
174	-225.969	-342.135	116.166	0.7745446	2.995562	1.235105
180	-230.2169	-346.6799	116.463	0.8481789	2.013336	1.330127
186	-233.6931	-350.3152	116.622	0.7986397	2.132765	1.182518
192	-238.5813	-355.3993	116.818	0.7986397	1.714143	1.231954
198	-237.4508	-352.337	114.8862	1.352486	6.577036	0.8725306
204	-238.047	-354.694	116.647	1.288963	1.630024	0.9927713
210	-250.3856	-366.1538	115.7682	1.394157	2.720174	1.148875
216	-243.447	-360.3509	116.9039	0.9271493	1.624116	1.097318
222	-244.6372	-361.1577	116.5204	1.217026	2.058364	0.9192213
228	-244.2433	-361.0229	116.7795	1.107378	2.108366	0.6784554
234	-246.2042	-362.536	116.3318	0.5695117	2.147945	1.58418
240	-239.7549	-354.2866	114.5318	0.5695117	4.755187	2.116212
246	-236.5961	-351.1878	114.5918	0.343401	5.352059	2.116212
252	-242.2128	-357.9899	115.7771	0.8044153	3.670679	1.313199
258	-238.5893	-354.0567	115.4674	1.136435	4.557661	1.0383
264	-234.1126	-350.0952	115.9826	1.354401	3.080472	0.8049066
270	-226.8224	-342.8164	115.994	1.275744	3.143516	0.856785
276	-236.2372	-351.688	115.4508	1.190134	5.121136	0.8211856
282	-238.0688	-354.432	116.3632	1.458809	2.321553	0.4767998
288	-234.577	-350.4561	115.8791	1.268735	3.78341	0.6833668
294	-235.8234	-351.5049	115.6814	0.6597049	3.503499	1.545609
300	-238.6681	-354.6998	116.0316	1.276047	3.462235	0.5803335
306	-237.7822	-353.8876	116.1054	1.019183	3.415895	0.9002573
312	-242.6221	-357.9864	115.3644	1.146464	5.361542	0.8991697
318	-238.744	-353.9339	115.1898	1.045128	6.583728	0.8751519
324	-233.9572	-349.1878	115.2306	0.9500493	6.932804	0.848965
330	-234.8425	-351.1454	116.3029	0.8391207	2.54418	1.237907
336	-234.6026	-350.7505	116.1479	0.7732862	3.033456	1.237907
342	-246.2291	-362.016	115.7868	0.4289938	2.634306	1.891385
348	-247.51	-362.802	115.2919	0.5265057	2.978942	2.054019
354	-247.1873	-362.8633	115.676	0.5646161	4.316487	1.410318
360	-235.4121	-351.8132	116.401	0.92226	1.226236	1.732023
366	-232.6546	-349.0298	116.3751	0.9893196	2.468949	1.074237
372	-237.0857	-353.2548	116.1691	0.5861598	2.216315	1.662708
378	-243.3618	-358.8937	115.5319	0.5060752	1.801896	2.306333
384	-241.5896	-357.5897	116.0001	0.3005699	1.629093	2.211146
390	-251.8115	-368.5484	116.7369	1.011621	1.805557	1.062349
396	-257.6804	-373.611	115.9306	0.8384783	3.42678	1.233256
402	-250.6207	-366.6599	116.0391	0.9037693	3.008373	1.228547
408	-252.4241	-368.2957	115.8716	0.7545662	3.678279	1.274546
414	-256.3464	-372.0439	115.6975	1.364759	4.185391	0.5458941
420	-242.5432	-359.335	116.7919	1.323873	1.772256	0.6206341
426	-234.3862	-351.189	116.8028	1.254249	1.744657	0.7606978
432	-249.6806	-365.7704	116.0897	1.197274	2.756906	1.017389
438	-248.912	-364.892	115.98	1.132219	3.37616	0.9306546
444	-233.9664	-350.3182	116.3517	1.00103	3.022878	0.8159064
450	-235.0527	-351.2616	116.2089	0.7015803	3.022878	1.250561
456	-228.946	-345.6217	116.6758	1.039776	1.691172	1.160113
462	-233.1034	-349.7571	116.6537	0.4719126	1.435718	1.752224
468	-234.6448	-351.2039	116.5591	0.8435493	2.545927	1.000877
474	-235.775	-352.0361	116.2611	1.376309	2.599674	0.6696635
480	-231.2798	-348.1191	116.8393	1.57271	1.3877	0.4779958
486	-227.7655	-344.471	116.7054	1.207287	1.893537	0.8284404
492	-234.6821	-351.3215	116.6394	1.170907	1.719014	1.056918
498	-237.2078	-353.6945	116.4867	1.195262	2.091961	0.958156
504	-231.5533	-348.3676	116.8143	0.6270182	1.629836	1.418666
510	-234.5851	-350.5588	115.9737	0.7790144	2.196198	1.672265
516	-238.4791	-354.0974	115.6183	0.4700935	4.105534	1.576009
522	-232.133	-346.8668	114.7339	0.6714938	6.656325	1.576009
528	-229.7064	-346.1426	116.4362	0.485171	2.714955	1.351938
534	-231.6842	-347.6706	115.9865	0.4591676	2.714955	1.706186
540	-232.9021	-349.3841	116.482	0.9114925	0.8958021	1.902795
546	-229.424	-343.8649	114.4409	0.880925	7.586066	1.493459
552	-240.4052	-357.9503	117.5452	0.7863523	0.8999	1.201773
558	-232.2866	-349.5803	117.2937	1.16977	0.7839136	1.201773
564	-237.5887	-351.9352	114.3465	1.00894	9.183402	1.235656
570	-236.9491	-353.0194	116.0702	0.6144018	1.650655	1.94853
576	-239.6833	-355.753	116.0697	0.6527376	1.979894	1.78004
582	-235.8516	-353.2018	117.3502	0.8296476	1.319401	0.9804221
588	-232.939	-349.2605	116.3215	0.8128966	2.804172	1.139869
594	-226.028	-342.9031	116.875	1.044062	1.061827	1.403234
600	-228.3626	-345.2183	116.8557	0.9431283	1.27445	1.348863
606	-224.0549	-340.8984	116.8434	1.060444	1.27445	1.263788
612	-228.6522	-344.9209	116.2687	1.002437	3.088096	0.8820101
618	-228.2679	-343.6548	115.387	0.5665847	2.40171	2.141517
624	-237.0353	-352.8477	115.8124	0.7353088	2.789788	1.608673
630	-231.6195	-347.3708	115.7512	0.2028105	3.490922	1.824449
636	-241.4032	-356.5173	115.1141	0.581268	4.304807	1.809363
642	-241.5043	-358.4398	116.9355	0.2370113	1.947022	1.468591
648	-247.0598	-363.3322	116.2724	0.5389332	2.964208	1.35141
654	-232.3872	-347.8837	115.4965	0.8729415	4.63703	1.227061
660	-229.1218	-344.3494	115.2277	1.559719	5.103918	0.4538848
666	-236.6969	-353.4693	116.7724	1.503354	1.569619	0.5325842
672	-230.7636	-347.2159	116.4523	1.716574	1.642589	0.3482858
678	-233.5393	-349.1483	115.609	1.803084	2.946338	0.2965753
684	-236.907	-352.3941	115.4871	1.134793	4.512122	1.034137
690	-237.8995	-354.8026	116.9031	1.676847	1.096544	0.324911
696	-239.1399	-356.1865	117.0467	1.411071	1.327253	0.5410684
702	-251.7847	-367.8909	116.1063	1.803579	2.089219	0.6540923
708	-240.5567	-355.9039	115.3472	1.156989	6.072011	0.6540923
714	-241.9346	-358.0918	116.1571	1.222851	2.921289	0.8365219
720	-243.3024	-358.6336	115.3311	1.32778	4.775727	0.9153731
726	-252.9146	-369.5938	116.6792	0.8935351	0.8234594	1.835717
732	-247.2937	-362.4668	115.173	0.5128839	3.606531	1.977289
738	-239.1342	-355.9546	116.8204	0.2831674	1.963165	1.513236
744	-244.7432	-361.145	116.4019	1.564063	1.752235	0.2526414
750	-246.3066	-362.2887	115.9821	1.44037	3.146078	0.4039994
756	-237.0179	-352.627	115.6091	1.294923	4.395525	0.7513926
762	-236.8477	-352.3924	115.5448	0.9493551	5.023453	1.013216
768	-238.6257	-355.6556	117.03	1.087974	1.61011	0.8019506
774	-243.5257	-358.598	115.0722	0.7503438	2.115894	2.324133
780	-231.4014	-347.6924	116.2911	0.5845727	2.331953	1.530388
786	-228.5612	-345.7526	117.1914	1.201664	0.7356649	1.309492
792	-228.6344	-344.4671	115.8327	0.9335119	3.860947	1.097522
798	-231.5878	-347.7178	116.13	0.4893468	3.372047	1.371956
804	-229.9392	-346.1416	116.2024	0.6469822	2.972924	1.31799
810	-241.6309	-356.8014	115.1706	0.5124551	5.738473	1.530493
816	-240.1222	-355.821	115.6988	0.6517646	3.052261	1.668526
822	-238.7078	-354.6302	115.9224	1.184423	3.567185	0.8547156
828	-234.5992	-352.0317	117.4326	0.7416342	1.031784	1.22038
834	-228.3135	-344.709	116.3955	0.668372	3.247453	1.031595
840	-240.4232	-357.3124	116.8892	1.19733	1.536382	0.903174
846	-234.0707	-349.4726	115.4019	1.24454	5.186594	0.7903588
852	-226.9012	-343.0505	116.1494	1.204906	3.287221	0.6390597
858	-227.724	-344.4874	116.7633	1.204906	1.639799	0.9526634
864	-234.7526	-350.8424	116.0899	0.06242722	2.909427	1.849712
870	-233.7385	-350.5836	116.8451	1.192794	1.743383	0.7888464
876	-235.4157	-351.8099	116.3942	1.116543	2.293279	1.020156
882	-242.8962	-359.4481	116.5519	0.8760845	2.293279	1.098592
888	-232.721	-348.9357	116.2147	0.3850432	1.701402	1.982512
894	-239.7481	-355.6306	115.8825	0.7024925	3.760098	1.2844
900	-241.7308	-357.0393	115.3085	0.9858383	2.629901	1.839207
906	-236.6275	-353.2615	116.634	0.5451454	1.877036	1.495701
912	-230.9579	-348.6645	117.7066	1.451423	0.3275489	1.22711
918	-230.06	-347.0344	116.9744	1.451423	1.217094	0.7958579
924	-238.9878	-356.3265	117.3387	1.2706	1.091659	0.6866347
930	-231.2406	-348.7236	117.4829	0.9836975	1.000406	0.9799611
936	-235.6682	-352.4916	116.8233	0.9836975	1.415793	1.250438
942	-232.7019	-349.6003	116.8985	0.8355795	1.132567	1.494145
948	-230.6079	-347.1254	116.5175	1.361972	2.174527	0.6132727
954	-232.3156	-349.1927	116.8771	1.093587	1.893826	0.7488384
960	-246.1881	-362.4861	116.298	1.505428	2.323066	0.6038263
966	-253.0077	-368.3486	115.3409	1.066108	4.946541	1.115837
972	-245.1941	-362.0283	116.8342	1.33641	1.721737	0.5409304
978	-247.5348	-363.5023	115.9675	1.501818	3.060835	0.433743
984	-238.6616	-353.454	114.7923	1.571172	6.820629	0.5734328
990	-235.7671	-352.6575	116.8905	1.421506	1.521726	0.4898076
996	-228.8915	-344.4199	115.5284	1.421506	4.451692	0.6377014
1002	-232.0714	-348.2104	116.139	1.435778	2.829472	0.4567017
1008	-230.4344	-346.5275	116.0931	1.474477	2.829472	0.4288936
1014	-246.1671	-360.4418	114.2747	0.9312119	3.812846	2.243501
1020	-238.4716	-354.9174	116.4458	0.4189853	1.593423	1.853125
1026	-238.5889	-354.8705	116.2816	0.3187717	2.235769	1.764659
1032	-233.6367	-350.7064	117.0698	0.9414142	1.17292	1.247082
1038	-235.509	-351.7375	116.2285	0.9414142	2.239701	1.341897
1044	-238.7705	-356.3186	117.5481	1.327933	0.7704363	0.8004721
1050	-235.4864	-352.2437	116.7573	1.652372	1.377004	0.5803321
1056	-235.6392	-352.0836	116.4444	1.195381	2.621511	0.6428809
1062	-238.8372	-354.9396	116.1024	0.9896967	2.530146	1.284867
1068	-235.097	-352.06	116.9631	0.2411793	1.775956	1.524543
1074	-235.4252	-351.5966	116.1714	0.7270755	1.714813	1.772822
1080	-226.8397	-343.12	116.2803	1.225037	2.808019	0.7322417
1086	-231.0101	-347.411	116.4009	1.018351	2.573486	0.9705432
1092	-247.055	-363.7908	116.7358	0.3795145	2.018985	1.479736
1098	-244.9369	-361.744	116.807	0.6133759	1.488195	1.51118
1104	-240.3718	-358.1166	117.7448	1.582143	0.4503947	0.8199398
1110	-234.6306	-350.553	115.9224	1.007782	4.018927	0.8756974
1116	-236.5874	-352.7835	116.1962	0.7965193	3.560853	0.9827619
1122	-239.5411	-356.491	116.9498	0.9727621	1.631788	1.004961
1128	-238.7247	-354.6441	115.9194	0.6413226	2.587716	1.666807
1134	-237.4054	-354.2429	116.8375	1.076846	1.324188	1.220893
1140	-239.78	-355.5793	115.7993	0.9678471	3.8522	1.099393
1146	-237.2912	-352.1581	114.8669	1.077986	7.226515	1.03502
1152	-238.378	-355.3496	116.9716	0.8839388	1.830803	0.9392718
1158	-234.0625	-350.2465	116.1841	0.5826485	2.103525	1.698849
1164	-231.5885	-348.1499	116.5614	1.176036	1.905649	1.012905
1170	-224.3214	-341.1436	116.8222	1.019415	1.740568	1.012905
1176	-230.3601	-345.9589	115.5988	1.173241	4.29042	0.95243
1182	-239.4075	-355.3943	115.9868	1.188629	3.758499	0.6453695
1188	-244.929	-360.0914	115.1624	1.520589	5.049496	0.7919956
1194	-241.3369	-358.2059	116.8689	1.056877	1.857528	0.8398183
1200	-244.6303	-360.6902	116.0599	1.316525	3.13599	0.7133805
1206	-251.3467	-366.3576	115.0109	1.316525	6.704307	0.7133805
1212	-234.3781	-350.865	116.4869	1.099652	2.342319	0.9151217
1218	-237.3181	-352.9124	115.5943	0.4814605	4.180419	1.567312
1224	-233.4983	-348.7867	115.2884	0.6928921	4.180419	1.636014
1230	-226.7546	-343.1242	116.3697	0.8389779	1.542507	1.637385
1236	-230.5143	-347.2905	116.7761	0.5643994	1.572591	1.525226
1242	-234.383	-351.3819	116.9989	1.04081	1.572591	0.9262924
1248	-238.5834	-354.8975	116.3142	0.9070045	2.909371	1.015396
1254	-242.117	-358.3039	116.1868	0.812514	2.660127	1.309903
1260	-241.5447	-357.7957	116.251	0.5399492	2.71323	1.453897
1266	-237.4381	-353.1436	115.7054	0.8468008	3.808336	1.297263
1272	-241.4204	-358.2792	116.8588	0.632873	2.093545	1.139505
1278	-238.5955	-354.8526	116.257	0.659102	2.007394	1.63151
1284	-232.2525	-347.5447	115.2923	0.942867	6.046351	1.00782
1290	-239.2046	-355.4894	116.2848	1.240716	2.770826	0.7268723
1296	-236.2734	-351.5605	115.287	1.427366	5.307191	0.6133173
1302	-239.4992	-356.2059	116.7067	1.204392	1.840102	0.8705823
1308	-241.5998	-357.4981	115.8983	1.202136	3.668396	0.8166435
1314	-242.1527	-357.5974	115.4447	0.8797834	4.813836	1.221175
1320	-251.7656	-366.0964	114.3308	0.1602025	8.122191	2.00421
1326	-258.3041	-373.3908	115.0867	0.6969251	1.824412	2.458292
1332	-235.0688	-351.8786	116.8098	0.8442161	1.920727	1.083887
1338	-238.7699	-354.9032	116.1333	1.173485	2.868701	0.9462425
1344	-241.1731	-356.449	115.2759	1.04106	5.973304	0.9418937
1350	-233.7435	-350.2547	116.5113	1.371318	2.209636	0.4944264
1356	-236.3302	-352.183	115.8528	1.046856	3.963232	0.9309286
1362	-233.5868	-349.8068	116.2199	0.8666302	2.686291	1.227835
1368	-237.892	-354.876	116.984	1.818787	0.9332109	0.6060977
1374	-239.1916	-356.3212	117.1296	1.459779	1.111113	0.6900737
1380	-236.1514	-352.5976	116.4462	1.199417	2.481415	0.7527245
1386	-242.4669	-360.2193	117.7524	1.354671	0.6798047	0.4201178
1392	-237.0993	-354.4012	117.3019	1.555383	0.863437	0.3702227
1398	-226.6286	-342.873	116.2444	1.507023	2.388343	0.3755227
1404	-237.0145	-352.861	115.8465	1.987769	2.113262	0.3071463
1410	-242.1855	-357.8574	115.6719	1.987769	1.947269	0.1826054
1416	-238.2619	-353.0908	114.829	2.281741	2.469751	0.1248744
1422	-240.7564	-358.1797	117.4233	0.6929186	1.050194	1.254067
1428	-242.7279	-358.0101	115.2822	1.028088	4.521484	1.30479
1434	-236.3563	-353.4362	117.0799	0.5870232	1.514722	1.30479
1440	-238.181	-354.77	116.589	0.3656287	1.967285	1.620802
1446	-237.5946	-354.1178	116.5232	0.1924033	1.967285	1.789934
1452	-235.2607	-351.4828	116.2221	0.1553435	2.641481	1.778002
1458	-230.5363	-346.8547	116.3184	0.1634197	2.250607	1.841159
1464	-230.058	-346.5903	116.5322	0.1347582	2.548184	1.603989
1470	-234.7974	-351.1627	116.3653	0.2840212	1.83763	1.889813
1476	-237.4045	-353.3592	115.9546	0.4839185	3.372069	1.510398
1482	-241.393	-357.9477	116.5546	1.144254	2.454719	0.6871473
1488	-245.0065	-360.3976	115.3911	0.871675	5.84303	1.029277
1494	-240.6745	-356.0249	115.3504	0.9534607	4.937396	1.208667
1500	-241.4513	-357.48	116.0287	0.8509814	1.834698	1.731897
1506	-241.9523	-357.746	115.7937	0.7154542	2.90444	1.599791
1512	-233.7649	-349.2463	115.4814	0.9904779	4.097608	1.28255
1518	-230.9519	-347.6079	116.656	0.9421777	1.129737	1.596462
1524	-231.8834	-347.8405	115.9571	0.5900515	1.177696	2.278275
1530	-240.5266	-355.319	114.7924	0.8706686	6.875841	1.343318
1536	-249.5307	-364.2038	114.6731	0.8706686	6.72618	1.461337
1542	-235.2323	-350.9937	115.7614	0.6635444	3.776215	1.407213
1548	-242.8345	-359.8637	117.0292	0.2660123	1.570871	1.559698
1554	-241.0323	-357.3788	116.3466	1.169641	2.033197	1.148394
1560	-233.7836	-349.5624	115.7788	1.19541	4.04624	0.810311
1566	-236.4012	-351.9225	115.5213	0.775033	4.04624	1.435013
1572	-230.7198	-347.5159	116.796	0.8701171	1.357292	1.400275
1578	-239.0705	-355.1553	116.0848	0.9963484	2.954313	1.128481
1584	-241.3899	-357.5556	116.1657	0.9997536	2.954313	1.050574
1590	-236.8133	-353.4706	116.6573	0.7815119	2.176692	1.145311
1596	-239.4598	-356.1704	116.7106	0.6925775	2.176692	1.176656
1602	-242.7751	-359.278	116.503	0.5241434	3.099437	1.12202
1608	-245.1582	-361.1412	115.9829	1.138243	3.099437	1.034299
1614	-246.7257	-361.4897	114.764	1.244669	8.520776	0.6304382
1620	-238.7299	-354.179	115.4491	1.410735	4.810296	0.5918628
1626	-237.4658	-353.3302	115.8644	1.498571	3.071453	0.7746729
1632	-233.6874	-350.9976	117.3102	1.430013	0.6788911	1.072999
1638	-237.815	-353.676	115.861	1.328774	3.816615	0.5184954
1644	-241.8823	-358.6642	116.7819	1.328774	1.787094	0.6087559
1650	-245.389	-360.2226	114.8336	1.846322	5.013464	0.281698
1656	-249.9925	-365.3	115.3076	1.809358	3.542344	0.2608452
1662	-240.0035	-355.7056	115.702	1.962036	2.221408	0.240811
1668	-249.7024	-364.9408	115.2384	1.971582	3.012542	0.2093525
1674	-251.3348	-366.9814	115.6466	1.97796	2.338137	0.251592
1680	-250.3647	-366.1891	115.8244	1.744587	2.476659	0.259242
1686	-235.1059	-350.3034	115.1975	1.458208	5.582887	0.4359728
1692	-235.2736	-352.0975	116.8239	1.180577	1.993669	0.5065156
1698	-235.8772	-351.0009	115.1237	0.5012057	3.603303	2.018795
1704	-236.768	-352.8626	116.0946	0.1879145	2.133689	2.018795
1710	-235.9437	-351.6211	115.6774	0.6050321	2.133689	2.018795
1716	-237.9431	-354.1947	116.2516	0.9854617	2.133689	1.33455
1722	-242.3153	-358.11	115.7947	1.083438	4.490239	0.7462393
1728	-248.7618	-364.7458	115.984	0.8063369	1.40226	1.998433
1734	-238.0402	-352.8562	114.816	0.2256707	6.321597	1.885296
1740	-229.966	-345.2123	115.2462	0.9929805	4.512275	1.363847
1746	-230.5618	-346.4593	115.8974	0.9036744	4.046619	1.003935
1752	-237.4344	-354.1479	116.7134	1.208746	2.00432	0.7212708
1758	-239.5382	-355.9732	116.435	1.208746	2.377698	0.8265441
1764	-253.0388	-369.055	116.0162	0.3519253	2.384109	1.871259
1770	-247.3294	-362.0078	114.6784	0.710299	5.033595	1.871259
1776	-245.133	-360.3406	115.2075	0.715679	3.90599	1.742312
1782	-235.3044	-351.7025	116.3981	1.07861	1.988978	1.205248
1788	-236.8562	-352.697	115.8409	1.07861	4.139958	0.8404576
1794	-245.2971	-360.7259	115.4288	1.316379	5.172918	0.6275099
1800	-243.5443	-358.7105	115.1661	1.687555	4.882117	0.4837371
1806	-243.1922	-358.2795	115.0873	1.731848	4.42772	0.2619873
1812	-242.782	-358.7572	115.9752	0.8079031	2.88354	1.401087
1818	-244.5245	-361.4552	116.9307	0.3337175	1.62797	1.552954
1824	-239.8398	-354.9775	115.1377	2.07262	2.998058	0.2072702
1830	-241.0527	-355.6003	114.5476	2.119279	4.342021	0.1894797
1836	-235.6442	-350.3275	114.6833	1.67627	5.829696	0.2272559
1842	-232.1984	-347.5308	115.3324	1.500493	4.951913	0.4736764
1848	-244.4539	-361.069	116.6151	1.67687	1.522247	0.4069762
1854	-239.9226	-355.7367	115.814	1.54099	3.36163	0.4631358
1860	-235.6747	-352.6627	116.988	0.6560135	1.947011	1.078478
1866	-238.2772	-354.4298	116.1526	0.7413908	2.45541	1.469483
1872	-238.1149	-353.5865	115.4717	0.4131533	4.40058	1.65498
1878	-242.6949	-358.4102	115.7154	0.5462071	3.13699	1.706814
1884	-231.7025	-347.9483	116.2459	0.6886971	2.467002	1.43414
1890	-234.211	-351.5107	117.2997	1.45193	0.8724467	0.8086458
1896	-234.9752	-351.4262	116.451	1.0372	2.880544	0.7076381
1902	-240.4366	-357.8577	117.4211	1.08675	0.8020671	1.144322
1908	-245.2678	-362.5429	117.2751	1.342563	0.4342688	1.486579
1914	-235.7167	-351.7231	116.0064	1.315175	3.053567	0.8389468
1920	-241.029	-356.7733	115.7443	0.647633	3.321251	1.559615
1926	-234.56	-350.6773	116.1173	0.7653949	1.73006	1.776791
1932	-241.4651	-357.3081	115.8429	1.592887	3.0906	0.6343703
1938	-243.6541	-359.9435	116.2894	1.142536	3.049124	0.6788961
1944	-236.8977	-353.8302	116.9325	1.010531	1.304518	1.210136
1950	-242.2721	-358.0925	115.8203	1.17115	3.441055	1.028638
1956	-240.9318	-356.3069	115.3751	0.8857371	4.634222	1.317251
1962	-237.2687	-353.5777	116.309	1.053698	3.093011	0.762283
1968	-237.9961	-354.9934	116.9973	1.037749	1.762087	0.7758906
1974	-235.8152	-351.5515	115.7363	0.8178134	4.360274	1.140498
1980	-248.2155	-363.5734	115.3579	0.848987	5.804154	1.091223
1986	-238.3237	-354.4693	116.1455	0.8527429	1.209523	1.964773
1992	-241.7077	-357.3169	115.6092	1.067457	4.609639	0.9491561
1998	-242.1107	-358.6569	116.5462	0.8891476	2.582631	0.9491561
2004	-233.4117	-348.9709	115.5591	0.3819455	3.020807	1.960513
2010	-246.1705	-361.1867	115.0162	0.4884471	2.874353	2.28738
2016	-244.8608	-360.7564	115.8956	0.3579632	1.897001	2.128856
2022	-238.9029	-354.6615	115.7587	0.2467432	2.910897	1.948969
2028	-237.6758	-353.8129	116.1371	0.8489016	2.473318	1.39194
2034	-239.8474	-355.8017	115.9543	0.8968207	2.743959	1.396704
2040	-233.3231	-349.2048	115.8817	0.1602046	2.695255	1.989357
2046	-237.0548	-352.4975	115.4426	0.1512611	5.198102	1.697194
2052	-246.5188	-362.0702	115.5514	0.3859004	4.18928	1.665482
2058	-236.9292	-352.7564	115.8273	0.7653547	1.873224	1.913242
2064	-233.3754	-349.4518	116.0763	0.9227677	1.354205	1.883175
2070	-244.9039	-361.6088	116.7048	1.178577	2.198186	0.554094
2076	-233.4216	-350.2318	116.8103	1.179726	1.939215	0.669279
2082	-247.2397	-363.8249	116.5852	1.339437	1.346882	1.196602
2088	-236.5056	-352.9061	116.4005	1.302588	2.26136	0.8281774
2094	-238.8712	-354.1394	115.2682	0.8241795	3.934363	1.614916
2100	-238.0546	-354.9073	116.8526	1.577697	1.122162	0.8938746
2106	-242.3387	-358.4655	116.1268	0.9609118	3.004805	1.103043
2112	-252.0748	-368.2068	116.132	1.075961	2.747957	1.096266
2118	-244.8995	-361.1215	116.222	0.9396451	2.349912	1.301886
2124	-246.0267	-362.1636	116.1369	0.9641554	2.469516	1.301886
2130	-234.0862	-350.3651	116.2789	1.159184	2.655654	0.9087049
2136	-239.7684	-355.6962	115.9278	1.006261	3.579231	1.034126
2142	-239.1017	-356.2296	117.1279	0.859826	1.062212	1.348985
2148	-243.5077	-360.5346	117.0268	0.7213835	1.336242	1.348985
2154	-252.6913	-368.6743	115.983	0.5881398	3.576638	1.348985
2160	-247.4771	-362.9872	115.5101	0.8072955	4.219894	1.374503
2166	-246.2178	-361.5674	115.3496	0.7067319	4.74724	1.45127
2172	-237.5868	-354.2349	116.648	0.6799995	1.908542	1.366383
2178	-235.0668	-350.7245	115.6576	0.966793	3.774069	1.247712
2184	-235.9866	-352.8226	116.836	0.8252424	2.349794	0.8224979
2190	-236.0752	-352.3702	116.295	0.9681661	3.019318	0.9232339
2196	-232.5829	-349.6561	117.0731	0.9681661	1.673089	0.8446476
2202	-239.6319	-356.6705	117.0386	0.8618111	1.784517	0.9225869
2208	-241.3241	-358.7141	117.39	1.11229	1.056261	0.8822478
2214	-235.7242	-352.9101	117.1859	1.488251	1.037335	0.6615611
2220	-233.1901	-348.4705	115.2804	0.7592893	2.501501	2.052249
2226	-235.6142	-350.3694	114.7552	0.7592893	2.201296	2.488848
2232	-231.233	-346.9848	115.7518	1.608086	3.353754	0.4771865
2238	-221.9138	-338.9504	117.0366	1.258048	1.345853	0.8276334
2244	-233.9854	-350.4423	116.4568	0.8022488	1.332261	1.715255
2250	-237.0614	-354.5486	117.4873	1.001569	0.6667315	1.304509
2256	-235.7612	-352.0999	116.3387	0.8700268	2.749526	1.094907
2262	-230.2525	-347.4662	117.2137	0.96887	1.217189	1.061418
2268	-233.2291	-349.3954	116.1664	0.8142296	3.271601	1.100939
2274	-232.6026	-349.6174	117.0147	0.993579	1.382264	1.097593
2280	-234.597	-351.6363	117.0392	0.7716913	1.382264	1.268732
2286	-231.9239	-349.1217	117.1978	1.115384	1.269625	0.8803859
2292	-234.3094	-351.4371	117.1277	1.115384	1.220486	0.9999083
2298	-247.1261	-364.1569	117.0309	0.8674369	1.236207	1.294789
2304	-235.3594	-351.7195	116.3601	0.3713817	2.273886	1.657627
2310	-236.6937	-352.6373	115.9435	0.1814389	2.268454	2.074493
2316	-247.0713	-361.9916	114.9203	0.4925812	2.268454	2.529743
2322	-234.7668	-350.868	116.1012	0.9060007	2.359557	1.420071
2328	-237.4068	-352.9325	115.5257	0.7111451	4.2262	1.435423
2334	-233.3377	-349.9091	116.5714	0.759979	1.549697	1.544097
2340	-259.1808	-375.0781	115.8973	0.8597114	3.420218	1.245478
2346	-244.5115	-361.4348	116.9234	1.030867	1.809394	0.8420725
2352	-250.484	-366.9288	116.4448	0.6068031	1.456312	1.79294
2358	-243.2961	-360.1408	116.8447	0.7986549	1.258124	1.479791
2364	-244.035	-359.3286	115.2936	0.8398708	5.184431	1.293443
2370	-232.3679	-349.1279	116.76	0.8233595	1.653126	1.293443
2376	-233.691	-349.9993	116.3083	0.7907976	2.38164	1.339076
2382	-235.2402	-351.745	116.5048	0.594298	2.38164	1.339076
2388	-232.275	-347.0673	114.7923	0.7568195	3.698653	2.046095
2394	-240.5217	-356.4279	115.9063	0.7568195	2.186437	1.739462
2400	-248.7621	-365.9689	117.2068	1.224627	1.178628	0.8322163
2406	-231.5731	-348.3244	116.7513	1.372512	1.796922	0.4757764
2412	-235.6005	-352.0624	116.4619	1.194757	2.196137	0.9233829
2418	-240.1331	-356.4745	116.3414	0.9563982	2.682908	1.039936
2424	-233.2209	-350.0208	116.7999	0.6181623	2.782548	0.8648399
2430	-231.6813	-346.8938	115.2125	1.170473	5.046934	1.112074
2436	-245.617	-362.1507	116.5337	0.6315433	1.925886	1.483716
2442	-231.9453	-348.8121	116.8668	0.9855618	1.527533	1.139796
2448	-236.1153	-351.8066	115.6912	1.028297	3.110302	1.375354
2454	-236.7573	-353.6691	116.9117	1.369416	1.030108	1.128641
2460	-243.1027	-358.4963	115.3936	1.374881	5.174396	0.546516
2466	-243.2967	-359.4017	116.105	1.143897	3.488589	0.694682
2472	-240.9944	-357.5753	116.581	1.598771	1.696973	0.576063
2478	-234.9379	-351.3357	116.3978	1.687551	1.850201	0.4469586
2484	-234.6498	-350.5509	115.9011	1.595193	2.898202	0.3554472
2490	-241.5794	-357.3351	115.7557	1.636641	3.008845	0.3017477
2496	-240.1341	-356.0501	115.916	1.537041	3.008845	0.6708492
2502	-242.0615	-359.2712	117.2097	0.7800504	1.594499	0.9629874
2508	-235.8734	-351.6868	115.8134	1.016741	4.080347	0.9629874
2514	-237.0211	-353.0847	116.0636	0.8886901	4.049748	0.8367432
2520	-230.8615	-346.6734	115.812	1.031671	3.829281	1.034958
2526	-231.1771	-346.935	115.758	0.9407738	3.829281	1.167776
2532	-237.2684	-353.5915	116.3231	0.8005792	2.748899	1.171341
2538	-239.7569	-354.8795	115.1225	0.6375435	4.776315	1.66331
2544	-237.4037	-352.9808	115.5771	0.2938446	4.97165	1.542073
2550	-238.7539	-354.495	115.7411	0.1486528	2.564427	2.130638
2556	-252.4899	-368.0517	115.5618	0.157648	5.341509	1.579094
2562	-239.2563	-356.0678	116.8115	0.1140518	2.086753	1.59155
2568	-249.083	-365.2857	116.2027	0.03775037	2.245047	2.006289
2574	-249.2625	-365.484	116.2215	0.3692602	2.712659	1.602908
2580	-250.2102	-366.1476	115.9374	0.7101797	1.728389	1.938442
2586	-238.9309	-354.8347	115.9039	0.5494473	1.601443	2.124373
2592	-236.6942	-352.3305	115.6363	0.2395059	3.146972	1.969145
2598	-232.6811	-348.7747	116.0936	0.1819966	2.611936	1.857849
2604	-230.2673	-346.6462	116.3789	0.5442167	1.630476	1.795216
2610	-231.3569	-347.7607	116.4038	0.6861747	1.943752	1.531946
2616	-231.479	-347.3472	115.8682	0.8086047	3.482365	1.292245
2622	-227.7687	-343.6319	115.8633	0.7191957	3.10069	1.483837
2628	-229.1154	-345.4208	116.3055	0.8463371	2.492719	1.250731
2634	-226.8185	-342.6345	115.8161	0.6230245	3.120211	1.58423
2640	-231.712	-347.785	116.0731	0.5668811	3.120211	1.433981
2646	-230.094	-346.3819	116.2879	0.8813593	2.681201	1.158718
2652	-228.0015	-344.1474	116.1459	0.8319339	3.351703	1.074413
2658	-230.3464	-346.199	115.8526	0.9284332	3.351703	1.247452
2664	-238.2093	-353.4518	115.2426	0.7398712	3.432295	1.820179
2670	-251.9251	-366.9295	115.0044	1.419872	6.48436	0.6165331
2676	-256.2315	-372.6915	116.4599	1.34933	2.087989	0.8142473
2682	-241.6961	-358.807	117.1109	0.7771201	0.7440879	1.681864
2688	-240.6546	-357.0558	116.4012	0.3880516	2.147061	1.665504
2694	-244.4801	-361.3254	116.8453	1.587921	1.361212	0.4830285
2700	-234.4024	-349.8212	115.4188	1.248834	5.525108	0.5810078
2706	-228.7959	-345.3012	116.5053	1.181017	2.548425	0.6146099
2712	-236.9768	-352.347	115.3702	1.500927	4.738119	0.6196976
2718	-241.7604	-358.2854	116.525	1.434416	1.998776	0.6596123
2724	-235.0548	-350.4065	115.3518	1.483659	4.947982	0.5057446
2730	-238.3279	-354.075	115.7472	1.257191	4.377868	0.5177829
2736	-244.9816	-361.6579	116.6763	1.411302	1.799055	0.646507
2742	-256.7192	-373.1684	116.4492	1.053021	2.186747	1.082765
2748	-252.5732	-368.3988	115.8256	0.6532252	4.276126	1.228668
2754	-236.09	-352.0916	116.0016	0.875805	2.977354	1.293786
2760	-243.0413	-359.0337	115.9924	0.68025	3.488272	1.293786
2766	-247.481	-364.02	116.539	1.144068	1.740205	1.160159
2772	-242.0718	-358.4748	116.403	1.150226	2.737526	0.7060638
2778	-233.8072	-349.3858	115.5786	1.645477	3.547967	0.3427559
2784	-240.3903	-356.0644	115.6742	1.385203	4.096237	0.6465656
2790	-236.2326	-352.0846	115.852	1.15779	4.096237	0.7363761
2796	-246.556	-361.9186	115.3626	1.149735	5.09422	0.975146
2802	-246.8078	-362.964	116.1562	0.9253003	2.625811	1.255797
2808	-249.7315	-366.1544	116.4229	0.9421092	2.332972	1.136773
2814	-240.1449	-356.5193	116.3743	0.7642383	1.359229	1.784547
2820	-242.002	-357.9421	115.94	0.6487453	3.112867	1.475266
2826	-234.9836	-351.7023	116.7187	0.9704709	1.228214	1.464274
2832	-245.5667	-360.3608	114.794	0.7648748	6.056071	1.56473
2838	-243.5831	-360.1565	116.5734	0.5816913	1.222361	1.850996
2844	-245.1675	-361.7179	116.5505	0.9328979	1.707809	1.344387
2850	-247.8273	-364.0398	116.2125	0.3231013	2.17416	1.832696
2856	-240.1008	-355.8269	115.7261	0.5854479	2.090132	2.01572
2862	-247.6003	-362.531	114.9307	0.729911	5.672325	1.559353
2868	-242.8041	-358.8344	116.0302	0.8374079	3.736565	1.043276
2874	-239.0263	-355.1085	116.0822	0.6392569	1.767711	1.870988
2880	-240.0151	-356.3209	116.3058	0.3561193	1.767711	1.911438
2886	-242.9042	-360.321	117.4168	0.4338241	1.22361	1.341868
2892	-240.6753	-356.7182	116.0429	0.3337322	3.074624	1.643159
2898	-234.5366	-351.3899	116.8533	0.6236557	1.978664	1.210187
2904	-226.9334	-341.762	114.8286	0.840716	6.869658	1.33939
2910	-250.1641	-365.6891	115.5251	1.090339	3.153641	1.442271
2916	-247.1915	-363.1532	115.9616	0.3700387	2.010552	2.032766
2922	-241.6871	-356.6109	114.9238	0.2514155	3.175632	2.41582
2928	-246.5642	-362.7314	116.1672	0.4432124	1.040987	2.318696
2934	-238.6145	-353.612	114.9975	0.1972662	3.518928	2.318696
2940	-237.4614	-353.1011	115.6397	0.8625124	4.710913	1.090929
2946	-238.0381	-353.911	115.8729	0.8549724	3.435497	1.264886
2952	-239.1074	-355.573	116.4656	0.7204356	2.390346	1.264886
2958	-238.8293	-355.2884	116.4591	0.5089453	1.668248	1.746007
2964	-237.7551	-353.6049	115.8497	0.7285889	2.476321	1.692874
2970	-229.8519	-345.3516	115.4997	0.4458577	4.625207	1.561188
2976	-230.3401	-346.4416	116.1015	1.051465	1.67244	1.61226
2982	-233.1662	-349.4502	116.284	0.6431304	2.224543	1.534327
2988	-241.6336	-358.3885	116.7548	0.6504163	1.79172	1.362954
2994	-242.0579	-356.5739	114.516	0.9081586	7.926966	1.36355
3000	-237.1161	-351.7154	114.5993	1.285593	7.320632	1.073623
3006	-237.1091	-352.5438	115.4347	1.185906	5.424596	0.7355711
3012	-243.0594	-359.661	116.6016	0.9363018	1.935241	1.180121
3018	-246.9435	-364.1	117.1564	1.072223	1.074801	1.137132
3024	-245.5675	-361.8341	116.2666	1.11393	1.83739	1.359638
3030	-243.5535	-360.2953	116.7417	1.295101	1.503185	0.9818465
3036	-254.0942	-370.8483	116.7541	1.295101	1.741079	0.7751986
3042	-241.35	-358.514	117.164	1.286107	0.9118526	1.084862
3048	-242.7492	-357.8989	115.1497	0.8143586	6.173127	1.226487
3054	-239.8922	-356.1072	116.215	0.8376503	2.763561	1.226487
3060	-240.392	-357.0861	116.6941	1.317177	1.973467	0.5526004
3066	-237.4164	-352.6734	115.257	0.7098836	5.771874	1.304522
3072	-230.3209	-346.732	116.411	1.305881	2.398071	0.7057371
3078	-243.8573	-360.5559	116.6986	1.127323	2.134958	0.7548829
3084	-246.2979	-362.5856	116.2877	0.9119703	2.573942	1.176407
3090	-234.4575	-350.8272	116.3697	0.8834966	1.908827	1.424602
3096	-235.3104	-351.639	116.3286	0.3398685	2.279664	1.700345
3102	-233.918	-349.9338	116.0157	0.3621614	2.279664	1.901525
3108	-235.2351	-350.4418	115.2067	0.4709273	2.987937	2.143951
3114	-241.9532	-357.2046	115.2514	0.2704008	3.441429	2.126558
3120	-245.7073	-361.0567	115.3494	0.1940869	2.36459	2.416436
3126	-243.3632	-359.2641	115.9008	0.5011089	2.36459	1.854967
3132	-240.9974	-356.6019	115.6045	0.8350436	1.225261	2.320612
3138	-241.3799	-358.0122	116.6324	0.3602623	1.993912	1.581744
3144	-241.1424	-357.2842	116.1419	0.7203847	3.303604	1.194642
3150	-238.7108	-354.876	116.1652	0.5396922	2.839586	1.475853
3156	-237.2352	-352.9118	115.6765	0.4890156	4.285282	1.475322
3162	-231.0771	-346.9234	115.8463	0.6610037	2.988947	1.574565
3168	-233.3831	-349.5657	116.1826	0.7870941	2.883315	1.251268
3174	-244.0967	-359.9634	115.8667	0.5573706	4.367911	1.250274
3180	-238.0236	-353.452	115.4284	0.2110734	2.575199	2.28906
3186	-236.62	-352.9442	116.3242	0.1061487	2.575199	1.763076
3192	-244.6089	-359.9522	115.3433	0.1217738	4.722557	1.879898
3198	-230.7402	-346.7843	116.0441	0.2550844	1.934322	2.084118
3204	-227.6013	-344.2081	116.6067	1.012238	1.521995	1.339069
3210	-229.8019	-347.2995	117.4976	1.29627	0.3130156	1.538495
3216	-236.2137	-352.4877	116.274	1.044012	2.784634	0.9736326
3222	-238.8412	-355.335	116.4937	0.8085466	2.032041	1.328578
3228	-241.1494	-358.3031	117.1537	1.353401	0.3813911	1.64184
3234	-235.7667	-350.4943	114.7276	0.28128	3.176273	2.519929
3240	-237.6676	-354.3308	116.6632	1.331645	1.372028	1.117196
3246	-238.6377	-355.7142	117.0765	1.240151	1.273182	0.8729123
3252	-245.1332	-362.894	117.7607	1.666417	0.4303577	0.7294151
3258	-248.7388	-365.9201	117.1813	1.054942	0.5728783	1.599478
3264	-260.869	-377.1085	116.2395	1.431126	2.133355	0.9455701
3270	-238.494	-355.8844	117.3904	1.692294	0.7037022	0.4417304
3276	-238.23	-355.58	117.3499	1.705263	0.7298646	0.5264581
3282	-233.8265	-351.3022	117.4757	1.658596	0.5892499	0.7777188
3288	-245.0444	-362.6426	117.5982	1.555455	0.5892499	0.749701
3294	-234.8878	-351.051	116.1632	1.22769	3.022271	0.7643413
3300	-241.956	-357.8097	115.8537	1.005577	3.58869	1.101264
3306	-248.3812	-364.7876	116.4065	1.005577	2.82434	0.8495309
3312	-240.3734	-355.5163	115.1429	1.323437	6.008928	0.7469366
3318	-238.0794	-353.5716	115.4922	1.874559	2.976462	0.274989
3324	-237.7845	-354.4732	116.6887	0.7154403	1.757499	1.381194
3330	-248.1394	-364.2686	116.1292	0.5908074	1.741271	1.883711
3336	-242.3437	-358.5798	116.2361	0.7037283	2.298452	1.495506
3342	-240.2079	-355.8756	115.6677	0.9802295	4.006409	1.159123
3348	-241.7098	-358.1603	116.4505	0.6056311	1.120879	1.97897
3354	-230.6842	-347.2003	116.5161	0.6598403	2.416555	1.262284
3360	-239.7004	-356.0897	116.3893	1.563802	2.06615	0.4342894
3366	-252.9646	-366.9417	113.9771	1.569426	10.87567	0.771225
3372	-239.0201	-355.7919	116.7717	0.8246945	2.158836	1.007147
3378	-231.7863	-347.1254	115.3391	0.8182769	4.166654	1.510174
3384	-235.7424	-351.0242	115.2818	1.640234	4.465082	0.3509628
3390	-231.3892	-348.0982	116.7089	1.110386	0.978111	1.541285
3396	-236.1225	-352.6722	116.5497	1.656232	1.097863	1.138083
3402	-225.08	-340.7525	115.6726	0.9014528	3.448468	1.384532
3408	-225.9722	-342.4811	116.509	1.046356	2.408244	0.9123478
3414	-237.5281	-354.5903	117.0621	0.5640359	1.440046	1.38143
3420	-235.8128	-351.3778	115.565	0.8603554	3.869901	1.38143
3426	-239.3393	-356.0312	116.6919	1.126842	2.133958	0.7661124
3432	-234.3882	-350.4802	116.092	1.126842	2.782238	1.071798
3438	-240.1379	-356.5066	116.3687	0.997574	2.782238	0.9236992
3444	-242.6144	-357.849	115.2346	0.9178197	2.464657	1.989437
3450	-234.4945	-350.1843	115.6898	0.149639	1.708052	2.470499
3456	-240.9783	-355.7509	114.7726	0.2261961	4.218591	2.288982
3462	-236.6257	-352.9481	116.3224	1.603655	2.095615	0.407046
3468	-247.9185	-362.1362	114.2177	1.61442	9.565057	0.3937501
3474	-236.5103	-353.2292	116.7189	0.6905896	1.96316	1.274351
3480	-235.565	-352.1819	116.6169	0.8817475	1.96316	1.199519
3486	-235.663	-352.5232	116.8603	0.6691448	1.525768	1.407346
3492	-250.0499	-366.3232	116.2733	0.895288	2.053341	1.423913
3498	-256.5786	-372.9879	116.4093	1.480903	2.053341	0.7270732
3504	-237.8614	-354.1643	116.3028	0.6897218	3.48081	1.012843
3510	-244.6097	-360.1604	115.5508	0.3178726	1.709253	2.451688
3516	-242.4483	-358.4705	116.0222	0.2474141	3.438011	1.616017
3522	-246.5876	-361.1721	114.5844	1.122431	7.691529	1.167337
3528	-252.0607	-368.3377	116.277	0.261384	2.905355	1.578167
3534	-240.0937	-356.3569	116.2633	0.01643266	1.75247	2.171212
3540	-247.6938	-363.4643	115.7705	1.379961	3.916853	0.5532304
3546	-241.4104	-357.6774	116.267	1.209974	2.797876	0.7808098
3552	-238.3109	-353.5556	115.2446	0.7840126	5.603178	1.288872
3558	-244.2978	-359.7748	115.477	1.384504	4.605796	0.7171904
3564	-241.0036	-355.6548	114.6511	1.410576	7.330861	0.8909445
3570	-235.8522	-352.9584	117.1062	1.142784	1.461843	0.768792
3576	-242.0631	-356.7694	114.7064	1.46885	7.364932	0.7334575
3582	-235.4984	-350.767	115.2686	1.504184	4.839007	0.7489609
3588	-237.547	-354.2215	116.6745	1.566013	1.622935	0.5020169
3594	-239.4693	-357.0244	117.5551	1.59303	0.5762196	0.7853643
3600	-245.8032	-360.789	114.9859	1.557462	6.024057	0.4268505
3606	-240.9965	-355.9721	114.9756	1.557462	6.024057	0.401961
3612	-237.8787	-353.2113	115.3326	1.776967	3.837974	0.3320208
3618	-232.3336	-347.2503	114.9167	1.776967	5.182402	0.3288173
3624	-248.1768	-365.6357	117.4589	2.449021	0.2026464	0.2905507
3630	-246.6398	-364.0978	117.458	1.797745	0.5528785	0.669325
3636	-245.9564	-363.4464	117.49	1.79236	0.5154944	0.7266041
3642	-250.8433	-367.4929	116.6496	2.627682	0.4820011	0.2798852
3648	-243.2241	-359.8168	116.5927	2.627682	0.4118195	0.1979586
3654	-241.2134	-358.2385	117.0251	2.54318	0.280488	0.22238
3660	-237.0789	-353.591	116.5121	2.198438	0.7485894	0.1979067
3666	-234.9788	-351.028	116.0492	1.803953	1.935913	0.2537231
3672	-239.8571	-356.0315	116.1744	1.757929	2.01407	0.3458968
3678	-234.5461	-350.6441	116.0979	1.757929	1.80193	0.2180503
3684	-234.8291	-350.2698	115.4407	1.723904	3.777675	0.3722991
3690	-238.9086	-354.5855	115.6769	1.787789	2.906887	0.3257816
3696	-233.7372	-348.6829	114.9456	1.801241	5.109354	0.3665932
3702	-241.4058	-356.1981	114.7923	1.28947	7.045563	0.9343192
3708	-237.2462	-353.6357	116.3895	1.09177	2.716619	0.8241558
3714	-242.2826	-358.3205	116.0379	0.6883258	3.81591	1.147683
3720	-239.9352	-356.2722	116.337	0.4360945	2.733062	1.460611
3726	-237.9401	-354.412	116.4719	0.9103898	2.578685	1.005458
3732	-236.9449	-352.9641	116.0191	0.917767	2.96915	1.247604
3738	-234.7277	-351.9449	117.2172	1.065816	1.345974	0.8420836
3744	-236.0383	-351.4556	115.4173	0.9955846	5.374755	0.9990962
3750	-239.6493	-356.3784	116.7291	1.107175	1.961448	0.871508
3756	-238.5822	-355.265	116.6828	1.111458	1.792967	1.026081
3762	-234.0866	-349.9706	115.8841	0.8718692	3.692805	1.159961
3768	-240.7522	-357.4187	116.6666	0.9097117	2.179474	1.015826
3774	-241.395	-357.5005	116.1055	1.04947	3.712922	0.7146789
3780	-246.3113	-363.0583	116.747	0.9390256	2.154791	0.916033
3786	-238.3219	-355.1858	116.8638	1.073844	1.709886	0.9349212
3792	-248.8399	-363.6535	114.8136	1.119139	8.418457	0.7912999
3798	-245.6977	-359.7917	114.0939	0.7435447	8.445946	1.726539
3804	-243.6791	-359.6462	115.967	1.24733	3.498778	0.7449569
3810	-240.7345	-355.9282	115.1937	0.4782535	3.960169	1.90274
3816	-243.2281	-359.062	115.8339	0.9683054	3.149485	1.296437
3822	-234.0688	-350.2776	116.2088	0.5252795	2.015041	1.757481
3828	-237.478	-353.4065	115.9285	0.4989668	2.984889	1.633777
3834	-244.8255	-361.0466	116.2211	0.4460662	2.151024	1.750231
3840	-241.565	-357.3926	115.8276	1.544944	3.323656	0.4917243
3846	-239.8732	-355.4464	115.5732	1.783409	3.1393	0.3168839
3852	-236.0363	-351.9966	115.9602	1.43629	3.1393	0.3581916
3858	-235.034	-351.3116	116.2776	1.638703	2.112071	0.6074221
3864	-235.2765	-350.9328	115.6562	1.38456	4.259449	0.4721502
3870	-241.5904	-357.1619	115.5716	1.426975	4.39841	0.496473
3876	-251.3135	-367.4891	116.1756	1.243666	3.191084	0.5573281
3882	-247.7275	-364.8777	117.1502	1.501202	1.103496	0.5394617
3888	-244.868	-360.732	115.8641	1.767371	2.712983	0.4950612
3894	-236.6473	-351.7898	115.1425	1.41316	5.988675	0.5660635
3900	-241.7164	-358.1887	116.4722	1.579046	1.842657	0.3647801
3906	-248.0145	-363.7346	115.7201	1.167303	4.667224	0.6313093
3912	-239.2716	-354.9125	115.6409	0.3084647	2.896064	1.990839
3918	-235.019	-352.2547	117.2358	0.4104229	1.610665	1.265862
3924	-240.1955	-355.8516	115.6561	0.1240382	2.890719	2.104336
3930	-240.1281	-356.384	116.256	0.6522867	1.388266	1.926607
3936	-238.1041	-354.6501	116.546	0.5769271	2.143311	1.41996
3942	-231.2445	-347.9235	116.6791	1.142751	2.143311	0.7540387
3948	-235.0091	-351.5695	116.5604	1.423964	1.760053	0.8439358
3954	-225.4893	-341.6029	116.1136	1.008583	2.992001	1.076148
3960	-228.7926	-344.2779	115.4853	0.8780273	3.632225	1.493646
3966	-233.9019	-350.3587	116.4567	0.9674987	1.645807	1.423377
3972	-235.9948	-352.8283	116.8335	1.241274	0.6710782	1.615534
3978	-242.3194	-359.3315	117.0121	0.7466633	0.7721358	1.748821
3984	-244.0074	-359.1671	115.1598	1.133335	6.816801	0.7292026
3990	-240.1316	-355.344	115.2124	0.6592149	5.598456	1.414483
3996	-234.6823	-349.7435	115.0612	0.5006053	5.685194	1.628978
4002	-229.6327	-344.7519	115.1192	0.6191745	6.573818	1.336152
4008	-224.5207	-341.2628	116.742	1.10757	1.506965	1.155499
4014	-226.7626	-342.3386	115.576	0.6637389	4.327187	1.408361
4020	-242.7928	-357.1965	114.4036	0.6475356	7.709376	1.673542
4026	-235.5414	-352.4565	116.9151	0.8321352	1.295443	1.375916
4032	-242.2025	-357.9563	115.7537	1.155346	4.097566	0.8697829
4038	-238.005	-354.1171	116.1121	1.108609	2.73518	1.089944
4044	-254.6709	-370.7825	116.1116	0.8309087	2.373193	1.464191
4050	-241.8353	-358.4147	116.5794	0.9310502	2.145901	1.096022
4056	-235.5638	-351.5649	116.0012	0.8502299	3.925905	0.9943975
4062	-233.2873	-349.7732	116.4858	0.5317904	1.934398	1.589347
4068	-244.638	-359.6734	115.0353	0.8576269	3.639061	1.82881
4074	-244.6378	-360.9999	116.362	0.716609	1.509511	1.746624
4080	-240.8204	-357.5275	116.7071	0.7507819	1.592425	1.425913
4086	-243.8529	-359.7858	115.9329	0.4842945	2.128933	1.930365
4092	-239.798	-356.2429	116.4449	0.3656512	2.128933	1.657464
4098	-241.8157	-358.4923	116.6766	0.8763424	1.298952	1.522123
4104	-239.7728	-356.3205	116.5477	0.8851709	2.227075	1.126127
4110	-240.8445	-356.2393	115.3948	1.210826	4.999864	0.9034053
4116	-238.47	-354.9527	116.4827	1.082424	2.498921	0.8485731
4122	-236.4172	-351.626	115.2088	0.8272846	4.130348	1.608204
4128	-229.711	-345.1222	115.4111	0.5136217	3.23955	1.910956
4134	-233.1183	-348.9745	115.8562	0.6334901	2.173954	1.864218
4140	-245.1409	-362.4663	117.3255	1.411531	0.9310206	0.7398892
4146	-240.1757	-357.7207	117.545	1.460366	0.6923245	0.757357
4152	-241.917	-356.9316	115.0147	1.377673	6.685433	0.5762334
4158	-236.9974	-353.6322	116.6348	1.389023	1.943498	0.5762334
4164	-242.1273	-358.833	116.7057	0.7414845	1.580824	1.440357
4170	-236.7447	-353.2433	116.4986	1.238861	1.208553	1.440357
4176	-241.2492	-358.2266	116.9774	0.904383	1.352846	1.229029
4182	-242.186	-358.8135	116.6276	0.9152993	1.073047	1.674306
4188	-247.7278	-363.8351	116.1072	0.8741679	2.168791	1.516595
4194	-244.7235	-360.5769	115.8534	0.5081391	3.670563	1.484492
4200	-229.4586	-345.0532	115.5946	0.6871104	2.612018	1.853657
4206	-233.7898	-348.1606	114.3708	0.1736887	5.815457	2.292098
4212	-241.0506	-356.1954	115.1448	0.01629003	3.60916	2.3189
4218	-240.9515	-356.5933	115.6418	0.008186122	4.388387	1.822544
4224	-233.7107	-349.6641	115.9534	0.05538629	3.251581	1.850447
4230	-231.1134	-346.8949	115.7815	0.2273339	3.251581	1.850447
4236	-236.2451	-351.8776	115.6324	0.2309666	3.633755	1.850447
4242	-236.1324	-352.8786	116.7462	0.1031018	2.113517	1.635838
4248	-230.8152	-347.1828	116.3675	0.05237365	1.934262	2.004202
4254	-230.3376	-346.2784	115.9408	0.07624076	2.634238	2.024937
4260	-231.4381	-347.4403	116.0022	0.03244771	3.053369	1.888023
4266	-242.6481	-357.8526	115.2045	0.2060195	6.0615	1.671182
4272	-237.866	-353.9438	116.0777	0.4782438	2.584832	1.671182
4278	-235.7486	-352.3663	116.6176	0.07246085	1.632126	1.953394
4284	-247.2739	-364.1349	116.861	0.06119503	1.632126	1.795108
4290	-244.8235	-361.7937	116.9702	0.07060699	1.912945	1.581903
4296	-241.8567	-358.374	116.5173	0.05436528	1.912945	1.910976
4302	-251.0047	-368.5592	117.5545	2.069443	0.3607986	0.6057835
4308	-258.9482	-376.5293	117.5811	2.032976	0.3748315	0.5214298
4314	-257.6933	-373.1405	115.4473	0.5432735	3.923742	1.690527
4320	-248.6048	-365.0627	116.4579	1.013654	2.517348	0.9442698
4326	-241.1612	-356.578	115.4169	0.7659695	3.27777	1.722368
4332	-242.4937	-359.7341	117.2404	1.04013	0.7738912	1.361797
4338	-254.9527	-372.5324	117.5797	1.281001	0.7738912	0.8151109
4344	-237.8259	-353.8734	116.0475	0.8159582	3.454537	1.142677
4350	-234.7482	-350.9645	116.2163	0.6674832	2.171593	1.587439
4356	-241.946	-355.9616	114.0156	0.2017063	5.564179	2.538437
4362	-245.0842	-361.7389	116.6547	0.3416193	2.607846	1.332188
4368	-243.123	-358.5422	115.4192	0.6487613	2.966828	1.890327
4374	-231.0989	-346.4239	115.325	0.2267144	3.495536	2.093525
4380	-239.2404	-354.4364	115.196	0.1752294	4.515476	1.984992
4386	-234.8881	-351.1304	116.2423	0.1157717	2.982101	1.684334
4392	-236.94	-352.8064	115.8663	0.2637838	2.982101	1.843415
4398	-234.8397	-349.9706	115.1308	0.6693564	4.065859	1.790487
4404	-237.4482	-352.8497	115.4015	0.5920382	4.029798	1.662854
4410	-242.2553	-358.439	116.1837	0.668059	3.219371	1.23206
4416	-232.9446	-349.6299	116.6853	0.7015175	1.961683	1.293663
4422	-232.3512	-349.3027	116.9515	1.104797	1.586969	0.8966733
4428	-232.921	-349.6476	116.7266	0.8997172	2.339823	0.8714346
4434	-234.8979	-350.7646	115.8667	0.5154548	2.449498	1.839069
4440	-240.8893	-358.3568	117.4675	1.117402	0.7430574	1.139389
4446	-242.7695	-359.2496	116.4801	0.8927676	2.647711	0.9819574
4452	-234.3788	-350.205	115.8262	0.8403618	4.168118	1.09427
4458	-232.4759	-349.1891	116.7133	0.8136684	2.334271	0.9825954
4464	-235.8955	-353.3928	117.4973	0.9048921	0.6400149	1.402241
4470	-236.841	-352.5134	115.6724	0.7771338	1.698672	2.083357
4476	-237.7553	-353.4362	115.6809	0.764782	3.659871	1.423341
4482	-244.1944	-360.5544	116.36	0.4570444	2.643599	1.458737
4488	-250.5081	-366.7629	116.2548	0.6962975	3.135834	1.176016
4494	-255.0941	-370.1466	115.0525	0.9432623	6.899738	1.052332
4500	-235.9399	-351.9024	115.9625	0.9954381	3.784593	0.9346672
4506	-244.0662	-360.1902	116.124	1.56741	2.426706	0.7240418
4512	-244.7503	-361.1914	116.4411	0.6252149	1.767964	1.629295
4518	-245.3353	-361.9175	116.5822	0.938498	1.017987	1.727744
4524	-246.0695	-362.1734	116.104	0.6411789	2.905633	1.422944
4530	-236.9867	-352.7782	115.7915	0.2593321	2.473052	2.054141
4536	-230.3496	-346.128	115.7784	0.2066134	1.607361	2.422036
4542	-227.7878	-343.4286	115.6408	0.4890599	2.788505	1.901533
4548	-230.0135	-345.6997	115.6862	0.1867699	2.484966	2.166844
4554	-231.5026	-347.1831	115.6805	0.277638	2.595587	2.075984
4560	-232.6748	-348.2493	115.5745	0.6107623	2.886705	1.833867
4566	-242.0632	-356.9017	114.8385	0.7773873	4.445298	1.833867
4572	-239.2078	-354.4865	115.2787	0.7455806	3.273449	1.833867
4578	-235.0071	-350.3178	115.3108	0.5873937	3.993174	1.739099
4584	-234.6018	-351.3844	116.7825	0.6482744	1.146498	1.70564
4590	-241.305	-357.4368	116.1318	1.606906	2.40649	0.6566514
4596	-241.0528	-357.0706	116.0178	1.722682	2.35156	0.3385303
4602	-242.4379	-359.2545	116.8166	1.722682	1.21721	0.5862936
4608	-237.7806	-353.7833	116.0026	1.550881	2.881782	0.4682601
4614	-228.5836	-344.0454	115.4618	1.498331	4.282168	0.7194399
4620	-235.9906	-353.1006	117.1101	1.684484	0.7050244	0.9867933
4626	-237.7623	-354.9104	117.1481	1.219073	1.059686	1.021373
4632	-242.2742	-358.988	116.7139	1.109262	1.755724	1.021373
4638	-235.5663	-352.5485	116.9822	1.001576	1.875092	0.7465683
4644	-236.416	-352.773	116.357	1.327057	2.31968	0.8132193
4650	-233.947	-350.0667	116.1196	1.510825	2.714458	0.5132568
4656	-236.7718	-352.3514	115.5796	1.378165	4.326821	0.6994601
4662	-245.0047	-360.3328	115.3281	1.293074	5.492224	0.7057346
4668	-244.5565	-361.118	116.5616	1.424244	2.02456	0.5188658
4674	-235.8146	-351.9958	116.1812	1.101265	3.261166	0.7793119
4680	-239.9837	-356.2559	116.2722	0.9271762	2.302797	1.291104
4686	-227.1604	-342.8009	115.6404	0.6584687	3.721482	1.517775
4692	-231.5421	-347.5469	116.0048	0.6384552	2.960184	1.482623
4698	-241.1664	-357.1922	116.0259	0.6232473	2.94669	1.482623
4704	-238.7576	-355.453	116.6954	0.7621734	2.272144	1.081543
4710	-244.3174	-360.73	116.4126	0.9895349	2.433677	1.055281
4716	-232.0316	-348.0822	116.0505	1.165952	3.183967	0.8995139
4722	-230.6364	-345.7989	115.1625	1.378193	5.874856	0.6767167
4728	-236.0494	-353.3363	117.2869	1.317685	1.141761	0.5908562
4734	-239.6178	-356.7586	117.1408	1.702497	0.6875082	0.960234
4740	-239.0589	-354.9628	115.9039	1.777273	2.240902	0.2543408
4746	-241.9676	-357.6683	115.7007	1.777273	2.700085	0.2680936
4752	-240.8538	-357.9484	117.0946	1.264922	1.007634	1.077221
4758	-247.4484	-365.0518	117.6034	1.070442	0.4390097	1.437357
4764	-244.5472	-361.5123	116.9651	1.068509	1.759474	0.7803111
4770	-228.7584	-344.6214	115.863	1.824437	2.525543	0.3825136
4776	-238.9978	-354.4221	115.4243	1.592515	3.922108	0.2816955
4782	-244.9572	-359.9473	114.9901	0.8881835	6.70178	1.19696
4788	-243.5817	-359.233	115.6513	0.6679098	4.095985	1.404584
4794	-250.3462	-366.7961	116.4499	0.8230864	1.857614	1.433587
4800	-243.5881	-359.8458	116.2577	0.7862961	3.176811	1.077434
4806	-243.2258	-359.367	116.1412	0.9382	3.187935	1.039653
4812	-234.3281	-350.8562	116.5281	1.282831	1.68241	1.079227
4818	-238.3261	-355.1972	116.8711	0.8452148	0.7316432	1.813102
4824	-241.7445	-358.081	116.3365	0.7509888	0.9628173	2.060083
4830	-240.5798	-357.1071	116.5273	0.5357617	1.416397	1.806006
4836	-235.2105	-351.5848	116.3743	0.3300901	2.383578	1.636081
4842	-238.3731	-353.5682	115.1951	0.6664327	3.832996	1.802885
4848	-243.4204	-359.0496	115.6292	0.7164003	3.389282	1.574232
4854	-242.8254	-359.245	116.4196	0.7826017	1.493106	1.667773
4860	-241.7188	-357.4623	115.7436	0.8583653	3.687597	1.291695
4866	-238.7729	-355.2349	116.462	1.124052	2.23184	0.9775035
4872	-233.0051	-349.5973	116.5921	1.342677	2.099709	0.568785
4878	-237.3574	-352.596	115.2386	1.342677	5.763089	0.6504925
4884	-233.546	-348.6526	115.1066	1.086416	6.799921	0.8684061
4890	-234.5249	-350.2986	115.7736	0.7581052	2.734182	1.638472
4896	-232.6126	-349.6533	117.0406	0.8450487	1.256235	1.291268
4902	-230.6334	-347.0996	116.4662	0.5088721	1.641546	1.75379
4908	-238.7128	-355.1495	116.4367	0.4808885	1.498104	1.863826
4914	-238.076	-354.1996	116.1235	0.7910604	1.595362	1.817974
4920	-238.0097	-354.6905	116.6808	0.4775332	1.275359	1.817974
4926	-238.2362	-355.0602	116.824	0.7145645	1.749642	1.277512
4932	-250.6022	-367.2912	116.689	0.9507436	1.666135	1.239592
4938	-238.3793	-354.1999	115.8206	0.5549403	1.77401	2.099496
4944	-227.287	-342.207	114.92	0.6510222	3.875141	1.990234
4950	-234.9568	-350.0007	115.044	0.5270921	3.875141	1.990234
4956	-243.1796	-358.5463	115.3667	0.4147054	3.756497	1.876324
4962	-248.5412	-364.8458	116.3046	0.7808888	3.035147	1.093289
4968	-238.2082	-354.0325	115.8243	0.5481184	3.349594	1.565823
4974	-237.7466	-352.6692	114.9225	0.2232497	6.64169	1.763681
4980	-238.4952	-355.2508	116.7556	0.02897398	2.232411	1.635396
4986	-243.7904	-358.7699	114.9796	0.03615308	4.973019	2.131284
4992	-239.1642	-354.7374	115.5732	0.6966867	3.777917	1.524489
4998	-237.4547	-353.994	116.5393	0.1854616	2.054331	1.748122
5004	-236.8675	-353.2033	116.3358	0.009213666	2.878806	1.725213
5010	-228.8931	-345.721	116.8278	0.0183369	2.035655	1.669919
5016	-232.2536	-348.2017	115.9482	0.04980799	1.941771	2.276643
5022	-233.8612	-349.2086	115.3474	0.05493373	3.393843	2.215995
5028	-232.3332	-347.1957	114.8625	0.05772532	2.877967	2.652919
5034	-235.6726	-351.9702	116.2977	0.1110946	2.877967	1.680326
5040	-233.3349	-349.3439	116.009	0.07242227	2.192209	2.129999
5046	-248.4802	-363.2178	114.7376	0.05172301	3.44499	2.590859
5052	-247.5803	-363.1669	115.5866	0.2547029	3.3045	1.949911
5058	-237.2695	-353.0987	115.8292	0.4479467	2.210297	1.99429
5064	-230.2942	-346.1516	115.8574	0.7369404	3.902352	1.235509
5070	-227.8237	-343.5833	115.7596	0.7310425	3.902352	1.320699
5076	-235.2392	-351.1942	115.955	1.188042	3.267126	0.9433634
5082	-234.818	-351.3159	116.4979	0.8817746	2.83644	0.8814537
5088	-234.864	-351.5018	116.6378	1.052807	2.423073	0.7283239
5094	-240.4478	-356.4464	115.9985	1.112658	3.769528	0.7519162
5100	-245.5089	-361.8789	116.37	0.9966474	1.921947	1.329206
5106	-239.5803	-354.8303	115.25	0.8449129	5.392629	1.279321
5112	-242.0841	-356.5222	114.4381	0.8016641	8.141225	1.474661
5118	-243.0187	-359.5446	116.5259	0.6228972	2.116006	1.411738
5124	-240.3794	-356.3958	116.0164	0.8950834	3.556436	1.063794
5130	-232.4819	-348.5125	116.0306	1.15196	3.556436	0.7603269
5136	-242.4286	-358.3583	115.9297	1.017417	4.171157	0.7916199
5142	-247.9803	-363.5738	115.5936	0.850634	5.140276	1.030416
5148	-235.8603	-351.268	115.4077	1.198453	5.722611	0.6152507
5154	-234.8145	-351.4858	116.6713	0.9591164	2.541314	0.7310358
5160	-245.6248	-361.9687	116.3439	0.6198993	2.51615	1.392747
5166	-235.9379	-351.4738	115.5359	0.7039779	3.236154	1.693757
5172	-241.0795	-356.8955	115.8161	1.003731	2.449137	1.527514
5178	-234.2199	-349.4595	115.2395	0.9686661	5.845807	1.080476
5184	-239.812	-355.4987	115.6868	0.04749257	3.058506	2.087348
5190	-244.0088	-358.8624	114.8536	0.4337685	4.631359	2.017612
5196	-246.1941	-362.0219	115.8278	0.6923454	3.754648	1.338381
5202	-242.7565	-357.9482	115.1917	0.8226615	6.415594	1.133958
5208	-235.5129	-352.8179	117.305	0.996306	0.813036	1.308005
5214	-236.3321	-353.0576	116.7254	1.017428	1.761518	1.093947
5220	-233.9214	-351.3751	117.4538	1.081716	0.8865672	1.029876
5226	-235.0453	-350.6892	115.6439	0.9244719	4.788515	1.005979
5232	-235.6054	-351.9786	116.3733	0.9691802	2.661712	1.005979
5238	-235.4544	-351.9732	116.5189	1.28354	2.321223	0.6093582
5244	-238.9692	-355.4508	116.4816	1.138946	2.408539	0.8359153
5250	-239.6468	-357.1181	117.4714	1.110742	1.015643	0.8340322
5256	-237.3158	-354.7184	117.4026	1.110742	1.015643	0.914407
5262	-241.2283	-357.3099	116.0816	0.7662705	2.619933	1.443712
5268	-229.6735	-346.4604	116.7868	0.9099779	1.880162	1.067043
5274	-234.1894	-351.0532	116.8638	1.321066	1.366287	0.9359067
5280	-242.8435	-358.0292	115.1857	1.333085	5.90609	0.7025714
5286	-247.0533	-362.299	115.2457	1.333085	5.90609	0.5518023
5292	-236.4663	-353.3238	116.8575	1.486909	1.427417	0.6507317
5298	-236.2576	-353.7065	117.4489	1.45392	0.6338433	0.9740116
5304	-237.5495	-353.6471	116.0976	0.7778754	3.243648	1.203659
5310	-233.4907	-349.8	116.3094	0.6987926	2.2126	1.478561
5316	-240.5889	-356.332	115.7431	0.6935505	3.929568	1.356387
5322	-233.6237	-348.5711	114.9473	0.6376137	5.533574	1.640178
5328	-233.6712	-349.9424	116.2712	0.7327606	2.450548	1.38672
5334	-229.7524	-345.495	115.7426	1.079886	3.621552	1.123687
5340	-238.5123	-354.7904	116.2781	0.9799851	2.397508	1.201223
5346	-239.3815	-356.1237	116.7422	0.6525388	2.397508	1.0795
5352	-244.1054	-361.1383	117.0329	0.7639546	1.889618	0.9626475
5358	-242.3951	-359.15	116.7549	0.493723	1.613475	1.571937
5364	-237.3805	-354.5728	117.1923	1.583527	0.9712789	0.5626534
5370	-242.1027	-359.7043	117.6016	1.583527	0.4532007	0.9748518
5376	-246.6378	-363.9304	117.2926	1.071315	1.06851	1.016341
5382	-245.6872	-362.5632	116.8761	0.8499211	1.851047	1.056527
5388	-237.7627	-354.1246	116.362	1.157641	1.993484	1.165822
5394	-238.6009	-354.3028	115.702	0.9329437	4.071716	1.151378
5400	-241.5017	-356.9993	115.4976	1.210378	4.907243	0.8119819
5406	-242.9955	-358.8745	115.8789	1.215025	3.84703	0.7367817
5412	-249.5052	-365.5014	115.9963	0.3635609	1.706768	2.138591
5418	-246.0665	-361.8623	115.7958	0.3479774	2.411424	2.012983
5424	-242.0182	-358.4382	116.42	1.007746	2.411424	1.041504
5430	-247.9312	-365.1541	117.2229	1.008297	1.544755	0.7014592
5436	-240.8647	-356.8647	116	0.681155	4.204937	1.069602
5442	-234.1389	-350.6523	116.5134	0.8636534	2.51241	1.041972
5448	-243.3902	-359.378	115.9878	1.254971	3.551232	0.6617212
5454	-244.9287	-362.6319	117.7032	1.233399	0.6939558	0.8460117
5460	-242.366	-358.3022	115.9361	1.349568	2.217024	1.257686
5466	-241.5251	-356.6181	115.093	0.398535	2.217024	2.497851
5472	-235.1809	-351.5388	116.358	1.258174	2.738372	0.5441413
5478	-238.8807	-354.4255	115.5448	1.654959	3.696126	0.3816685
5484	-237.0953	-351.8876	114.7923	1.80615	5.321316	0.2833754
5490	-257.7186	-374.449	116.7304	0.70871	2.387498	1.042319
5496	-251.9987	-368.3967	116.3981	1.641368	1.885088	0.6336256
5502	-236.9799	-351.6615	114.6816	1.961358	4.715344	0.2205089
5508	-232.5117	-346.9964	114.4847	2.142526	4.055908	0.1549158
5514	-236.1084	-351.3029	115.1945	2.029683	3.173835	0.24269
5520	-249.2783	-364.7936	115.5153	1.43278	4.463509	0.6334864
5526	-244.4618	-361.2626	116.8008	0.9718991	1.929552	0.9624627
5532	-243.8662	-360.53	116.6638	1.143823	1.872417	0.9624627
5538	-240.3154	-356.7748	116.4594	1.260852	2.328401	0.7570679
5544	-237.9491	-353.808	115.8589	1.356451	3.634504	0.6551524
5550	-239.9744	-354.9953	115.0209	1.518276	6.062653	0.4440982
5556	-240.2005	-356.4468	116.2463	1.479566	2.471874	0.4046675
5562	-249.91	-365.4721	115.562	1.196075	4.623006	0.8530537
5568	-242.0511	-357.3996	115.3485	1.332168	5.499875	0.5538001
5574	-241.169	-357.4697	116.3006	1.440193	2.4644	0.57247
5580	-237.934	-353.3752	115.4412	1.473039	4.663551	0.544331
5586	-246.0197	-361.2577	115.238	1.418059	5.60205	0.544331
5592	-239.7014	-355.1337	115.4323	1.418059	4.814759	0.3998027
5598	-242.3701	-357.3239	114.9537	1.453899	6.663866	0.503533
5604	-248.9267	-364.1954	115.2687	1.580992	4.851622	0.5858445
5610	-242.1287	-357.6539	115.5251	1.662288	3.784213	0.419879
5616	-236.8667	-354.1927	117.326	1.403333	0.7853219	0.9509716
5622	-238.039	-355.2451	117.2061	1.376756	1.15392	0.6216082
5628	-240.0899	-356.789	116.699	0.8838826	2.29246	0.9471674
5634	-234.2696	-349.7021	115.4325	0.6005668	5.0759	1.397063
5640	-247.5409	-363.888	116.3471	1.157406	1.342849	1.53172
5646	-232.9776	-349.6623	116.6846	0.9745489	2.105081	0.9740951
5652	-232.5302	-348.8404	116.3102	0.8351829	2.72923	1.160161
5658	-231.459	-346.6785	115.2194	0.9913402	5.701798	1.111111
5664	-233.6308	-349.9704	116.3396	1.353254	1.232687	1.458571
5670	-238.0463	-354.3267	116.2803	0.8971402	3.09822	0.9788119
5676	-239.3883	-355.1064	115.7181	1.138485	3.89262	1.000639
5682	-237.2029	-352.463	115.2601	0.4982734	3.053241	2.07289
5688	-235.2605	-351.6878	116.4272	0.8869253	2.173692	1.253659
5694	-234.1929	-350.6667	116.4738	0.6136944	2.173692	1.434285
5700	-231.2811	-347.5489	116.2678	1.061434	2.173692	1.241125
5706	-237.1954	-354.1803	116.985	1.06086	1.144576	1.239297
5712	-243.7016	-360.0301	116.3286	1.372175	2.201798	0.8700512
5718	-238.2343	-354.4228	116.1885	1.075694	1.857961	1.440159
5724	-244.0733	-359.1184	115.0452	0.6212891	5.789975	1.533247
5730	-229.757	-344.2786	114.5215	1.041707	5.789975	1.608952
5736	-229.1124	-346.3021	117.1897	1.307287	1.059411	0.884879
5742	-224.659	-341.4063	116.7473	1.019559	1.254276	1.38737
5748	-230.7595	-346.8066	116.0471	0.7583052	2.830411	1.401978
5754	-237.3373	-354.1936	116.8563	0.9997062	1.436218	1.195798
5760	-234.8946	-351.6893	116.7947	0.97846	1.898578	0.9813421
5766	-233.0917	-349.287	116.1953	1.367454	2.499598	0.8510566
5772	-232.9727	-349.7568	116.7841	1.279144	1.879397	0.5744969
5778	-233.5341	-349.7007	116.1666	1.51779	2.597869	0.4775474
5784	-236.4232	-352.1072	115.684	1.51779	3.725632	0.4048039
5790	-241.3995	-357.1887	115.7892	1.234212	4.130105	0.695397
5796	-233.7541	-349.3441	115.5901	0.2972797	3.085657	1.978324
5802	-241.2177	-356.9547	115.737	0.1432392	3.898769	1.774107
5808	-244.2151	-360.5261	116.311	0.05937541	1.789065	2.096568
5814	-232.9715	-349.6995	116.7281	0.08773735	1.190956	2.096568
5820	-233.9464	-349.9914	116.045	0.05015869	2.402756	2.048162
5826	-238.025	-353.6191	115.5941	0.1392294	2.484623	2.257166
5832	-254.1781	-369.1611	114.9831	0.4620249	4.910642	1.85638
5838	-246.1185	-361.5925	115.474	0.5779395	2.945802	1.907367
5844	-241.5744	-358.4448	116.8705	1.677806	1.183231	0.6419476
5850	-235.4147	-350.5059	115.0912	1.775454	4.837579	0.5130218
5856	-236.823	-352.2881	115.4651	1.324227	4.656604	0.8008559
5862	-239.3957	-356.1803	116.7846	0.9971821	1.367174	1.302245
5868	-237.0447	-354.2129	117.1682	0.8558623	1.258132	1.173441
5874	-248.375	-364.6534	116.2784	0.7445424	2.5261	1.342343
5880	-239.8008	-355.6771	115.8763	0.3762915	2.290997	1.981852
5886	-239.5331	-355.2896	115.7564	0.6061397	2.885578	1.710709
5892	-243.772	-360.6059	116.8339	0.6861859	1.619964	1.36245
5898	-241.7285	-357.0688	115.3403	0.8991747	3.107199	1.731038
5904	-240.8535	-356.3551	115.5016	0.6248873	3.107199	1.809739
5910	-234.0864	-349.7771	115.6907	0.7212383	1.434671	2.230032
5916	-235.982	-352.1349	116.1529	0.9595281	1.434671	1.762013
5922	-237.6654	-354.7639	117.0985	1.097414	0.707905	1.490466
5928	-237.6054	-353.8659	116.2605	0.4399612	2.523538	1.588328
5934	-237.0752	-351.8361	114.7609	0.3107162	2.568664	2.647246
5940	-228.5032	-344.508	116.0048	0.3326528	2.333529	1.909808
5946	-234.9268	-350.6076	115.6808	0.7396689	2.177881	1.909808
5952	-231.6812	-346.7542	115.073	0.6639791	3.1631	2.057099
5958	-232.5218	-348.3431	115.8213	0.9406331	2.219642	1.656581
5964	-243.0083	-358.9484	115.9401	0.8909586	3.306247	1.220358
5970	-237.9842	-353.3677	115.3835	0.7816417	2.375495	2.010925
5976	-232.1806	-348.0693	115.8887	0.8658122	2.90734	1.415169
5982	-236.8251	-351.8088	114.9837	0.5114816	5.231088	1.76034
5988	-241.1796	-356.0454	114.8658	0.4118038	6.222456	1.738308
5994	-240.0569	-354.5122	114.4553	0.5876483	5.108953	2.088628
6000	-245.7879	-363.0739	117.286	1.290213	1.036387	0.8156212
6006	-239.2612	-355.3947	116.1335	0.9612021	2.872192	1.14826
6012	-249.6804	-366.5034	116.8231	1.18434	1.511344	1.005471
6018	-235.3141	-350.6628	115.3487	0.9920493	5.846945	0.9493796
6024	-235.896	-351.4698	115.5738	1.055734	4.587903	1.004133
6030	-241.2774	-356.7645	115.4871	1.052618	1.712468	2.017656
6036	-240.3433	-356.2277	115.8844	0.7227559	3.13137	1.455552
6042	-241.7672	-356.847	115.0798	1.175767	5.197104	1.188228
6048	-248.7812	-365.4657	116.6844	0.9242089	1.894736	1.13953
6054	-240.4846	-356.462	115.9774	0.4678782	3.608607	1.437998
6060	-241.5823	-358.0618	116.4795	1.299598	2.200837	0.7701063
6066	-247.0258	-363.9682	116.9424	1.081684	1.828522	0.7289378
6072	-236.9498	-353.5179	116.5681	1.236756	1.811463	1.00406
6078	-243.2753	-358.7184	115.4431	1.046697	5.634657	0.8405189
6084	-244.5265	-361.2005	116.674	0.5639281	2.152379	1.325547
6090	-240.1074	-354.3793	114.2718	0.346898	2.680225	2.891405
6096	-241.6088	-358.1092	116.5004	0.08668463	2.090249	1.829446
6102	-243.7889	-358.5787	114.7898	0.0843891	3.348972	2.561067
6108	-247.4565	-362.7614	115.3048	0.04976772	2.283414	2.561067
6114	-233.8993	-349.2541	115.3548	0.338007	3.425479	2.017855
6120	-233.901	-349.2967	115.3957	0.5433014	3.877266	1.738205
6126	-238.6758	-354.7949	116.1191	0.5443327	2.99387	1.456436
6132	-232.3005	-347.5707	115.2701	0.5975914	2.99387	2.017132
6138	-233.7598	-350.1684	116.4086	0.3984982	1.084347	2.165457
6144	-231.0269	-347.1965	116.1696	0.5933136	4.00067	1.05603
6150	-248.9721	-364.6733	115.7013	0.7870301	3.575445	1.414248
6156	-243.0064	-359.8059	116.7994	1.07157	1.410609	1.199737
6162	-236.1517	-352.5981	116.4464	0.5597286	2.115138	1.520411
6168	-235.7317	-351.5243	115.7927	0.7857018	2.57942	1.657022
6174	-241.5658	-358.2804	116.7146	1.283445	1.995131	0.5551712
6180	-241.511	-357.5426	116.0317	1.012401	3.6023	0.9121577
6186	-240.5518	-356.5862	116.0344	0.7444255	3.6023	1.168701
6192	-244.059	-360.0066	115.9477	0.1125425	3.447582	1.762195
6198	-239.3388	-354.9399	115.6011	0.09204924	3.447582	2.012
6204	-233.3213	-347.1148	113.7935	0.1254796	6.523108	2.580659
6210	-236.6391	-352.5084	115.8693	1.116328	3.126964	1.148906
6216	-229.9194	-346.4067	116.4873	1.052765	1.991349	1.148906
6222	-235.5548	-351.6241	116.0693	0.8574726	3.341125	1.125004
6228	-237.6066	-353.2682	115.6615	0.7864741	3.219618	1.547996
6234	-237.2883	-353.0664	115.7781	0.06436655	3.496842	1.899236
6240	-235.2822	-351.017	115.7348	0.3465719	2.639287	1.980481
6246	-234.3823	-350.2812	115.8989	0.1824611	2.639287	1.980481
6252	-233.1457	-349.0513	115.9055	0.2244996	2.639287	1.947824
6258	-237.4116	-353.4502	116.0386	0.6454426	2.016612	1.791694
6264	-240.9052	-356.9947	116.0895	0.529351	2.591928	1.623612
6270	-247.7993	-363.2236	115.4244	0.7794408	3.73914	1.583323
6276	-236.7366	-352.8615	116.1249	0.488779	1.981877	1.85425
6282	-231.6845	-347.6928	116.0084	0.8286809	1.981877	1.698759
6288	-229.6635	-346.2381	116.5746	0.7391505	2.823628	0.9599144
6294	-227.6832	-343.9336	116.2504	0.7391505	2.983638	1.197813
6300	-236.6497	-352.1358	115.4861	0.7256267	4.497632	1.388948
6306	-244.6217	-359.6941	115.0725	0.5691857	3.215976	2.105776
6312	-249.3865	-365.5497	116.1632	0.5917166	2.896113	1.418644
6318	-246.2963	-362.146	115.8498	0.8400916	3.312877	1.334301
6324	-238.0686	-353.6338	115.5652	0.6457139	2.466037	1.949768
6330	-244.5285	-360.6361	116.1076	0.5021574	3.563152	1.322103
6336	-237.7906	-353.6398	115.8491	0.8977824	3.563152	1.208677
6342	-236.3604	-352.0808	115.7204	0.741388	3.25021	1.528752
6348	-239.5487	-355.2118	115.6631	0.4977138	3.827707	1.591904
6354	-243.7158	-358.8163	115.1005	1.311494	4.696866	1.175382
6360	-238.9225	-354.1774	115.2549	0.2774201	2.252489	2.460369
6366	-246.0977	-359.9618	113.8641	0.4796917	8.612858	2.042357
6372	-239.5277	-354.044	114.5163	0.4645874	5.451361	2.069037
6378	-244.4316	-359.3133	114.8816	0.08596321	6.265039	1.944328
6384	-247.5013	-363.6518	116.1505	0.6624258	1.80292	1.792561
6390	-253.274	-369.3216	116.0476	0.9097114	3.57499	1.01301
6396	-244.7294	-360.3094	115.58	0.4261977	3.463528	1.795586
6402	-234.7187	-351.0199	116.3012	0.3945557	1.987136	1.795586
6408	-235.4465	-352.1146	116.668	0.3422407	1.676489	1.712357
6414	-240.6051	-356.522	115.9169	0.7915923	1.801928	1.864837
6420	-244.2376	-360.5194	116.2818	0.1830211	2.465547	1.776357
6426	-242.1644	-358.0622	115.8979	0.3209564	2.663852	1.879914
6432	-240.9584	-357.08	116.1215	0.7806804	1.772275	1.743971
6438	-237.3867	-354.0672	116.6805	0.7527022	1.907933	1.282228
6444	-241.569	-358.3412	116.7723	0.5658682	1.665336	1.478902
6450	-240.4472	-357.5134	117.0663	0.5773035	1.902887	1.103516
6456	-236.8648	-353.8674	117.0026	0.8257231	1.618346	1.103516
6462	-244.7911	-361.6617	116.8706	0.7958594	1.731903	1.179416
6468	-238.0209	-354.1146	116.0937	1.045963	3.469759	0.858974
6474	-237.1078	-352.3243	115.2165	1.330754	5.924458	0.6375222
6480	-235.5177	-351.2367	115.719	1.666297	3.28584	0.4670782
6486	-235.712	-350.6075	114.8955	1.666297	5.976803	0.5506226
6492	-232.7963	-347.6529	114.8566	1.690178	5.97272	0.6089654
6498	-235.6267	-352.5107	116.884	1.543666	1.368228	0.517181
6504	-234.4617	-351.082	116.6203	1.147506	1.358945	1.318815
6510	-234.7188	-351.1374	116.4186	0.7719184	1.962549	1.447812
6516	-243.4031	-358.8913	115.4883	0.9155035	3.995161	1.364738
6522	-245.2695	-359.9759	114.7064	0.1866235	3.50649	2.511909
6528	-242.1407	-358.1906	116.0499	0.2847433	0.8945136	2.58638
6534	-246.1146	-360.1631	114.0485	0.7025873	14.73779	1.096536
6540	-234.9777	-351.3848	116.4071	0.454718	1.672595	1.817804
6546	-240.623	-356.9668	116.3439	0.5312632	2.290045	1.546997
6552	-242.8001	-359.1161	116.316	0.8858366	1.186652	1.84026
6558	-249.6044	-366.0565	116.4521	0.6931964	2.467745	1.26642
6564	-242.0997	-358.7545	116.6547	0.9593388	2.083272	1.031363
6570	-248.8616	-362.2456	113.384	0.5113885	11.53182	2.034931
6576	-248.8344	-364.6473	115.8129	0.5208379	3.674309	1.504366
6582	-242.8675	-358.384	115.5165	0.8676884	2.719492	1.74794
6588	-240.7951	-356.6687	115.8736	0.4582065	2.719492	1.784472
6594	-236.159	-351.8115	115.6525	1.202345	3.844021	1.018981
6600	-236.2126	-351.4581	115.2455	1.412315	5.280825	0.736968
6606	-226.2651	-343.5112	117.246	1.338468	0.9506526	0.9085297
6612	-228.4249	-344.6656	116.2407	1.069189	0.9506526	1.919967
6618	-227.8513	-344.606	116.7547	0.4988345	1.508714	1.622644
6624	-233.4516	-348.5502	115.0987	0.7482929	4.475338	1.665555
6630	-224.101	-340.2006	116.0997	1.057667	3.228275	0.9446473
6636	-233.2486	-349.6023	116.3537	1.092915	2.691845	0.8798953
6642	-247.0154	-362.985	115.9696	0.3922906	3.070477	1.65495
6648	-238.4898	-354.2531	115.7633	0.3562952	3.697625	1.65495
6654	-238.3405	-354.4939	116.1534	0.7331447	1.842573	1.723591
6660	-241.953	-357.6047	115.6516	0.4332042	3.828606	1.646652
6666	-238.6414	-355.232	116.5905	0.6030051	2.098729	1.384489
6672	-234.3164	-350.7368	116.4204	0.6289137	2.095394	1.496413
6678	-235.8611	-352.6703	116.8091	0.5222026	1.423255	1.612592
6684	-238.574	-355.9649	117.391	1.091118	0.7381442	1.233552
6690	-231.1946	-346.8738	115.6792	1.19045	4.262707	0.8528543
6696	-236.2451	-351.736	115.4909	1.048451	4.658257	1.070894
6702	-230.6504	-346.7007	116.0503	0.5721047	3.199142	1.422719
6708	-226.9337	-343.4272	116.4935	0.8028344	2.195753	1.258429
6714	-231.2181	-347.1554	115.9374	0.507389	1.786791	2.048505
6720	-231.4069	-347.8933	116.4863	0.3808262	1.726183	1.789383
6726	-237.661	-352.8105	115.1495	0.4852742	3.611889	2.010095
6732	-237.0666	-352.762	115.6954	0.7748871	2.911314	1.62577
6738	-236.263	-353.2131	116.9501	1.311119	1.44543	0.7689858
6744	-235.5337	-351.5159	115.9822	0.7647479	2.750203	1.474437
6750	-235.3204	-352.273	116.9526	0.7350621	1.987123	1.013771
6756	-230.9638	-346.701	115.7371	0.8164904	4.094925	1.21513
6762	-252.2335	-367.6832	115.4497	0.6090871	3.550187	1.736247
6768	-252.5275	-369.383	116.8556	0.8509084	1.589261	1.227994
6774	-248.5802	-365.3211	116.7409	0.9262551	2.490208	0.7118899
6780	-240.5187	-357.5218	117.0031	1.148773	1.575612	0.7888053
6786	-243.38	-358.8008	115.4209	0.7253646	3.341618	1.7305
6792	-247.3782	-364.7221	117.3439	0.8756295	1.008034	1.201661
6798	-250.9889	-366.516	115.5271	0.6041276	4.38031	1.478611
6804	-241.5477	-357.7688	116.2211	0.5688889	3.50369	1.190723
6810	-240.889	-354.794	113.905	0.07651626	9.081044	2.22556
6816	-231.8646	-348.2712	116.4066	0.09389896	2.426623	1.7651
6822	-236.5335	-352.0327	115.4992	0.09504403	3.346718	2.102968
6828	-235.4208	-351.5152	116.0943	0.1458381	3.346718	1.662481
6834	-234.2072	-349.777	115.5698	0.5307192	3.346718	1.761136
6840	-235.1379	-351.0606	115.9228	0.898423	4.06062	0.9789893
6846	-229.342	-345.6075	116.2655	1.222725	2.408774	0.9831344
6852	-236.3784	-351.6463	115.2678	0.8767931	4.098535	1.536296
6858	-233.8777	-350.2604	116.3827	0.9684481	2.296774	1.165715
6864	-231.2394	-347.4076	116.1683	1.532261	1.913173	1.044327
6870	-234.4093	-350.2219	115.8126	1.209131	4.288284	0.5797392
6876	-244.4403	-358.825	114.3847	1.888053	7.09449	0.3685081
6882	-236.4286	-352.0254	115.5968	1.851942	2.895788	0.3078038
6888	-239.4805	-355.4725	115.992	1.534307	2.895788	0.3998793
6894	-229.4641	-345.305	115.8409	1.381819	3.610818	0.6578909
6900	-225.7112	-343.2101	117.4989	1.479936	0.6412155	0.880261
6906	-234.0418	-350.6238	116.582	0.9660915	2.714855	0.7315943
6912	-236.3934	-352.783	116.3896	0.8793883	2.599102	1.103907
6918	-231.6138	-346.985	115.3711	0.9601203	4.765073	1.227426
6924	-239.2464	-355.5966	116.3502	0.9199098	2.368619	1.203567
6930	-237.3296	-352.9124	115.5828	0.7413059	4.887213	1.203567
6936	-233.3369	-349.1133	115.7764	0.7664276	3.797215	1.308081
6942	-233.7305	-350.0005	116.2699	0.864045	2.888001	1.106723
6948	-241.5705	-358.3188	116.7483	0.7932271	1.880416	1.205719
6954	-242.1876	-359.2925	117.1049	0.9752895	0.6832249	1.599825
6960	-243.5011	-360.3388	116.8377	0.9652855	1.085698	1.474838
6966	-235.4292	-351.4504	116.0212	0.9865259	2.974258	1.185627
6972	-238.0437	-353.3079	115.2642	0.4365995	2.545075	2.259034
6978	-238.3995	-353.6395	115.24	0.6506193	3.728048	1.808348
6984	-240.5363	-356.5508	116.0145	0.8841062	3.07708	1.241539
6990	-226.3883	-343.4093	117.021	0.7818571	1.43525	1.241539
6996	-231.4483	-347.7381	116.2898	0.9570432	1.43525	1.666771
7002	-237.7643	-353.5231	115.7587	0.7673473	2.483619	1.727245
7008	-234.2926	-349.8688	115.5762	0.511337	3.845261	1.640529
7014	-244.1739	-359.7287	115.5547	0.4984828	2.885236	1.924301
7020	-241.3406	-356.543	115.2024	0.706857	3.197598	1.932823
7026	-234.9782	-351.1561	116.1778	1.068036	2.901888	0.9940766
7032	-243.3568	-360.3952	117.0384	1.051399	0.8166194	1.470086
7038	-242.0095	-358.5357	116.5263	0.9763076	2.074285	1.139536
7044	-236.1312	-352.1553	116.0241	0.8419585	3.224665	1.218166
7050	-236.9022	-352.648	115.7459	0.7262149	3.672992	1.399223
7056	-233.5915	-349.8002	116.2087	0.5473015	2.067272	1.720968
7062	-239.8135	-355.3733	115.5598	0.3294159	1.856317	2.379153
7068	-239.7228	-354.1896	114.4668	0.2374767	5.415773	2.254998
7074	-237.7261	-353.324	115.598	0.5800592	2.657895	1.909527
7080	-238.8164	-355.4579	116.6415	0.342163	1.328417	1.907681
7086	-243.0692	-360.3601	117.2909	0.3147572	1.328417	1.464473
7092	-242.8288	-359.1004	116.2717	0.6114753	0.735249	2.358998
7098	-240.4379	-356.7338	116.2959	0.706963	1.88326	1.622685
7104	-235.4581	-350.9556	115.4975	0.7129473	5.167022	1.233635
7110	-237.2309	-353.8935	116.6626	0.5751374	2.362605	1.233635
7116	-243.0903	-358.6066	115.5163	0.9322315	1.884674	2.005242
7122	-242.2616	-358.3119	116.0504	1.272819	3.395021	0.6118087
7128	-234.924	-351.2718	116.3478	1.590055	2.108591	0.5179265
7134	-233.3794	-349.6882	116.3088	1.423881	2.499035	0.5179265
7140	-248.9333	-363.8186	114.8853	0.2682724	5.53425	1.939597
7146	-247.5039	-363.7791	116.2751	0.0330816	2.055264	2.031156
7152	-245.7008	-362.2702	116.5694	0.01257677	2.058921	1.845256
7158	-248.3923	-364.3373	115.945	0.01731372	2.959738	1.963699
7164	-244.2357	-359.8827	115.647	0.04207512	5.677401	1.537388
7170	-240.754	-355.8171	115.0631	0.06031441	5.301764	2.000752
7176	-243.6976	-359.1952	115.4976	0.1561627	3.450546	2.037432
7182	-244.7063	-360.3137	115.6074	0.07907984	3.202938	2.079748
7188	-244.209	-359.323	115.114	0.1345978	3.202938	2.36243
7194	-237.2219	-353.0045	115.7826	1.385356	3.730368	0.6807891
7200	-236.7661	-354.5872	117.8211	1.367557	0.3897245	1.086344
7206	-236.8469	-353.6208	116.7739	1.592062	1.078128	1.005298
7212	-234.2725	-350.3227	116.0501	1.429394	3.033756	0.576982
7218	-235.4799	-351.8444	116.3645	1.764167	1.651074	0.74701
7224	-236.4634	-353.7774	117.3141	1.579604	0.8173862	0.6881932
7230	-237.8291	-353.6055	115.7763	1.181406	4.305179	0.7113206
7236	-245.9799	-361.6602	115.6804	1.616031	3.439842	0.3848633
7242	-253.7013	-369.4758	115.7745	0.1877859	2.639531	2.059536
7248	-250.2677	-366.8363	116.5687	0.2844349	2.639531	1.432629
7254	-241.2816	-357.5145	116.2329	0.4002303	3.122659	1.438427
7260	-241.2393	-357.4001	116.1608	0.7528901	2.779516	1.334654
7266	-236.2413	-352.6681	116.4268	0.7988126	2.779516	1.06653
7272	-233.2736	-349.1758	115.9022	1.041895	3.581674	1.023547
7278	-234.635	-352.3334	117.6985	1.027378	0.4850803	1.333635
7284	-235.9826	-352.9843	117.0017	0.8990282	1.235858	1.293035
7290	-236.0618	-350.7722	114.7104	0.7057817	5.755073	1.720327
7296	-237.3696	-352.7065	115.3369	0.9578532	5.640575	1.047284
7302	-237.4013	-354.4959	117.0946	0.9578532	1.331672	1.09391
7308	-237.7954	-354.246	116.4506	0.9302684	2.081701	1.240882
7314	-238.3239	-355.4637	117.1398	1.355609	1.197717	0.717966
7320	-240.4933	-357.7729	117.2796	0.9897611	0.9826421	1.180733
7326	-233.568	-350.0021	116.4341	0.9357276	2.012401	1.283109
7332	-231.2172	-346.5422	115.325	0.5594968	5.528597	1.418431
7338	-237.7964	-352.9021	115.1057	0.5090427	2.953664	2.194315
7344	-249.8122	-364.881	115.0688	0.3755009	6.574112	1.560832
7350	-241.0006	-357.7799	116.7793	0.7750262	1.926702	1.170266
7356	-246.2287	-361.4899	115.2612	0.9797221	4.005299	1.48756
7362	-240.8942	-356.4039	115.5097	0.6760906	4.204061	1.479748
7368	-243.2704	-358.5139	115.2435	0.5060541	5.306298	1.563917
7374	-245.0344	-361.0224	115.9881	0.9889002	3.594168	0.9862333
7380	-238.61	-354.5823	115.9723	1.163952	3.579627	0.8121904
7386	-239.2659	-355.252	115.986	1.151061	3.579627	0.8111301
7392	-245.1348	-361.3147	116.18	1.350991	2.938375	0.4961493
7398	-239.1257	-355.1326	116.0069	1.359585	2.954803	0.8353416
7404	-248.1173	-364.3537	116.2364	1.199699	2.24814	1.112999
7410	-243.9777	-361.4311	117.4534	1.373615	0.7591589	0.8781947
7416	-246.7672	-363.8256	117.0583	1.580375	0.8870083	0.9234986
7422	-242.5675	-358.0978	115.5303	0.2476583	3.929191	1.837605
7428	-242.1472	-357.5414	115.3943	0.3920799	3.929191	1.831815
7434	-236.1002	-350.8694	114.7692	0.5768687	3.044854	2.341821
7440	-246.3702	-361.8033	115.433	0.5067097	2.742113	2.042987
7446	-241.4213	-355.9377	114.5164	0.3313373	3.211644	2.611151
7452	-241.5552	-357.8614	116.3061	0.6021352	2.479401	1.449553
7458	-239.1625	-354.8384	115.6759	0.3629546	4.877568	1.435767
7464	-241.4942	-356.9717	115.4775	0.4307587	2.758669	2.058799
7470	-245.1046	-361.0918	115.9872	1.130955	3.227439	0.9856655
7476	-241.4016	-356.8743	115.4726	1.132238	5.457428	0.746584
7482	-238.0309	-354.7968	116.7659	0.9453917	2.028658	0.9653646
7488	-231.2795	-348.159	116.8794	0.5665717	1.612745	1.424135
7494	-244.3046	-359.8666	115.562	1.031141	2.9787	1.514321
7500	-241.6325	-357.8866	116.2541	0.471131	2.567371	1.554614
7506	-246.4507	-362.8536	116.4028	0.4256937	2.359724	1.554614
7512	-249.8605	-365.9805	116.12	0.8406854	2.18166	1.526767
7518	-240.4522	-356.3958	115.9436	0.6779319	2.18166	1.770354
7524	-238.9799	-355.5817	116.6018	0.600026	2.324061	1.280043
7530	-243.1908	-358.5813	115.3906	0.8762744	3.803494	1.520042
7536	-244.6214	-360.0004	115.379	0.8067771	5.446639	1.191076
7542	-238.8931	-354.8218	115.9286	0.517016	3.443729	1.484445
7548	-242.2819	-358.2353	115.9534	0.5710826	3.263043	1.477942
7554	-234.922	-351.1588	116.2368	0.6407156	2.14051	1.604543
7560	-237.0106	-353.238	116.2274	0.5819619	2.660948	1.458401
7566	-234.7057	-351.3245	116.6188	0.3310518	1.523718	1.828877
7572	-245.9909	-361.2916	115.3007	0.6863253	4.380542	1.585638
7578	-241.2625	-357.0561	115.7935	0.3450228	1.99334	2.166162
7584	-229.004	-344.5277	115.5237	0.5012948	2.482242	2.068206
7590	-244.5108	-360.3234	115.8127	0.6563239	3.592888	1.424212
7596	-248.301	-364.543	116.242	1.037368	2.231902	1.256274
7602	-240.7906	-357.3024	116.5118	0.6049446	1.842014	1.558243
7608	-232.7336	-348.7314	115.9978	0.385786	3.245852	1.587595
7614	-232.0503	-347.4494	115.3991	0.1818303	3.27889	2.129118
7620	-233.054	-349.0953	116.0413	0.6633486	2.183578	1.711278
7626	-236.7909	-352.1902	115.3993	0.7046856	3.888875	1.617803
7632	-226.3068	-342.4978	116.191	1.58058	2.41555	0.4601696
7638	-228.5968	-343.3501	114.7533	1.58058	7.000832	0.5193739
7644	-227.8752	-343.8826	116.0074	1.677844	2.543866	0.3941485
7650	-247.2359	-361.9228	114.6869	1.444213	7.470935	0.7673849
7656	-243.7619	-360.5915	116.8296	1.09945	1.964572	0.7473252
7662	-237.066	-353.4123	116.3464	0.9382126	2.422867	1.167186
7668	-233.2341	-350.0701	116.836	1.310199	1.665937	0.7023232
7674	-235.0572	-352.6146	117.5574	1.119775	0.8579639	0.916569
7680	-233.7569	-350.4661	116.7092	0.8660863	1.287732	1.512383
7686	-233.757	-350.4886	116.7316	0.6316694	1.740316	1.42169
7692	-243.2295	-360.0513	116.8218	1.047549	1.410462	1.201287
7698	-249.2898	-365.0085	115.7187	0.3785597	3.64567	1.684332
7704	-246.3147	-362.6662	116.3515	0.5112624	3.372988	1.170789
7710	-236.4642	-353.3903	116.9261	0.9068662	1.505927	1.170789
7716	-238.2609	-354.4107	116.1498	0.8632076	2.097362	1.522721
7722	-241.404	-356.6516	115.2476	0.7552961	5.315576	1.369697
7728	-241.3084	-357.0277	115.7193	0.7884517	3.678807	1.369697
7734	-236.8981	-353.4459	116.5478	0.9981913	1.881188	1.201436
7740	-242.2503	-357.5133	115.2629	0.15954	3.622858	2.147267
7746	-242.365	-358.1752	115.8103	0.4429612	3.555765	1.595801
7752	-246.891	-362.7865	115.8956	0.7850675	4.151496	1.086281
7758	-238.8256	-355.2751	116.4494	0.8842149	2.505082	1.086281
7764	-239.6123	-355.3184	115.706	0.837649	3.502819	1.392219
7770	-240.4517	-356.8847	116.433	0.5166559	1.746091	1.722609
7776	-235.4126	-351.563	116.1504	0.3828692	1.431894	2.152785
7782	-229.8002	-345.4171	115.6169	0.7089195	4.820779	1.21835
7788	-227.139	-343.1741	116.0351	0.6165345	2.510485	1.628413
7794	-229.9113	-345.8826	115.9713	0.9812343	2.72417	1.323682
7800	-235.132	-351.372	116.24	0.9088095	1.903104	1.506468
7806	-236.5473	-353.3984	116.851	0.8574957	1.903809	1.042135
7812	-234.8681	-350.7722	115.9041	1.139694	3.46373	0.9675924
7818	-224.8592	-341.0385	116.1793	1.135661	2.882787	0.9308456
7824	-225.6897	-341.6683	115.9785	1.130163	3.771089	0.754785
7830	-230.8904	-346.6468	115.7564	1.010651	4.228277	0.9782776
7836	-229.7874	-345.4934	115.706	0.8675882	4.228277	1.160312
7842	-247.5997	-361.7049	114.1053	1.018245	7.024783	1.721088
7848	-240.4229	-356.052	115.6291	0.7813738	3.216214	1.576608
7854	-231.4515	-347.4077	115.9562	0.6254403	1.920709	1.900977
7860	-240.7822	-356.7745	115.9922	0.8145227	1.920709	1.745873
7866	-246.3441	-362.1158	115.7718	0.9917691	2.728933	1.469275
7872	-243.8606	-359.9721	116.1115	1.048489	2.560257	1.216165
7878	-237.6344	-353.9616	116.3272	1.183042	2.560257	0.8783043
7884	-231.8589	-347.2668	115.4079	1.410968	5.000495	0.5305148
7890	-232.1379	-348.6634	116.5255	1.410968	2.090201	0.5829147
7896	-241.4409	-357.0354	115.5945	1.185522	4.747339	0.7770246
7902	-242.0659	-357.8425	115.7767	0.9116094	3.764953	1.196393
7908	-247.7397	-363.7211	115.9813	1.132803	2.636839	1.224072
7914	-246.5977	-362.2328	115.6351	0.1901719	2.975697	2.050457
7920	-246.6907	-361.8774	115.1867	1.284565	6.197496	0.6606839
7926	-243.8027	-358.7836	114.9809	0.7722737	6.197496	1.392541
7932	-238.7022	-354.9438	116.2416	0.7131632	2.003766	1.605145
7938	-235.7012	-350.9505	115.2493	0.9973066	5.131731	1.211218
7944	-240.9569	-356.6339	115.6769	1.184559	4.338559	0.833303
7950	-235.1619	-351.4545	116.2926	1.245642	2.499865	0.879967
7956	-232.6664	-349.6994	117.033	0.759097	1.358338	1.299579
7962	-241.3765	-357.6572	116.2806	0.7645536	1.302446	1.880214
7968	-235.6347	-351.156	115.5213	0.6411028	2.338648	2.025395
7974	-232.7666	-349.4965	116.73	0.7634792	2.201711	1.083369
7980	-241.7024	-357.9483	116.2459	0.9667439	3.352139	0.824652
7986	-240.9215	-357.0346	116.1131	0.9875661	3.316426	0.9674519
7992	-245.5152	-360.6681	115.1529	1.024247	6.536302	0.9508959
7998	-239.3297	-355.9714	116.6417	1.176699	2.060414	0.8227399
8004	-243.2181	-360.6003	117.3822	2.176225	0.3948435	0.4134261
8010	-238.8221	-356.4163	117.5942	2.176225	0.3022991	0.5231065
8016	-243.2809	-360.3839	117.103	2.038626	0.6438896	0.3900158
8022	-247.3004	-362.2274	114.927	0.4566812	4.747475	1.930086
8028	-235.421	-351.4066	115.9856	0.9208647	2.300473	1.51967
8034	-228.1387	-344.3056	116.1669	0.7258477	2.053236	1.629221
8040	-234.7266	-350.6312	115.9046	0.3887865	2.768723	1.795563
8046	-239.4546	-355.0427	115.5881	0.8217737	2.716952	1.730755
8052	-234.1222	-351.0992	116.977	1.133215	1.579738	0.839112
8058	-228.5947	-345.1762	116.5815	1.168922	2.419474	0.613765
8064	-233.8975	-351.4745	117.577	2.019987	0.3834556	0.519123
8070	-233.2825	-349.8976	116.6151	0.9126264	2.582651	0.8446565
8076	-230.3976	-346.8484	116.4508	0.2169942	1.793135	1.896408
8082	-233.12	-350.0754	116.9554	0.4889798	1.793135	1.331136
8088	-231.8787	-347.2048	115.3261	0.8667241	3.647832	1.615141
8094	-231.3808	-348.1689	116.7881	0.9782377	1.32069	1.344528
8100	-236.3916	-353.1405	116.7489	0.5516125	1.47392	1.607252
8106	-240.1242	-355.1822	115.058	0.1714903	4.762204	2.030366
8112	-242.745	-357.5935	114.8485	0.1409674	4.762204	2.187705
8118	-233.107	-348.1135	115.0065	0.09146516	4.402246	2.187705
8124	-237.8269	-354.287	116.4602	0.598388	1.482963	1.774313
8130	-240.4869	-356.7931	116.3063	0.8256558	2.539307	1.248323
8136	-238.6739	-355.1906	116.5167	0.944107	2.552331	0.9376124
8142	-239.1637	-354.8692	115.7054	0.6550212	3.695848	1.478479
8148	-233.8454	-348.8664	115.021	0.310657	4.513392	2.011833
8154	-242.9989	-357.7175	114.7187	0.6129645	4.513392	2.011833
8160	-242.5949	-358.4927	115.8978	1.174659	3.304256	1.000978
8166	-242.7575	-359.0029	116.2453	1.013289	3.304256	0.7887436
8172	-242.7553	-358.4585	115.7031	1.013289	4.077345	1.075698
8178	-236.3382	-353.3463	117.0081	0.8675594	1.705797	1.001863
8184	-229.4328	-347.1453	117.7125	1.44918	0.6133717	0.6776629
8190	-240.7518	-357.1822	116.4303	1.04309	2.316732	1.044453
8196	-240.5097	-355.9375	115.4278	0.9393585	4.778553	1.193484
8202	-242.1291	-359.1278	116.9987	0.9196431	1.240739	1.27526
8208	-242.9441	-358.1992	115.2552	0.7857685	4.940318	1.420394
8214	-244.3098	-361.3323	117.0225	1.404152	1.331747	0.634272
8220	-243.5752	-359.9752	116.4	0.5216306	1.232634	2.002714
8226	-232.8793	-347.8836	115.0043	0.9145883	2.558038	2.113583
8232	-234.3372	-350.5985	116.2613	0.5177956	2.97573	1.372974
8238	-246.7989	-362.9585	116.1596	0.4559452	2.930449	1.513079
8244	-243.7848	-360.2569	116.4722	0.6384513	3.628473	0.8221357
8250	-238.1661	-355.4418	117.2757	0.4846198	1.707832	1.11016
8256	-233.2199	-348.675	115.455	0.7476459	3.691431	1.596579
8262	-236.1995	-353.3133	117.1139	2.493	0.3147718	0.2824048
8268	-237.8252	-353.5275	115.7023	2.493	0.9021983	0.12108
8274	-240.9429	-355.015	114.0721	2.440869	3.865959	0.12108
8280	-244.4422	-358.8079	114.3657	2.233591	3.623138	0.12108
8286	-244.0936	-358.6168	114.5232	2.233591	3.623138	0.1502594
8292	-253.0555	-368.2616	115.2061	0.8678065	6.24638	1.115575
8298	-241.2013	-358.4417	117.2404	1.003822	1.017472	1.172313
8304	-252.0155	-368.4615	116.4459	0.8798022	1.892043	1.376152
8310	-244.8753	-361.5774	116.7021	1.097523	1.939228	0.9276801
8316	-246.0248	-362.9435	116.9187	1.065323	1.507542	1.031143
8322	-231.0158	-347.3942	116.3785	0.8359557	3.065453	0.9546687
8328	-228.5725	-343.1005	114.528	1.184606	8.250561	1.065572
8334	-234.8888	-350.1329	115.2441	0.5770811	3.038514	2.035492
8340	-241.5367	-357.9242	116.3875	0.4618672	1.634308	1.844275
8346	-239.71	-356.6908	116.9808	0.8896061	0.4116602	2.039221
8352	-231.7975	-347.4987	115.7012	0.6043876	3.611709	1.54231
8358	-231.993	-347.8634	115.8704	0.8577618	2.717886	1.499744
8364	-233.6345	-350.3543	116.7198	0.7325443	2.346553	1.049757
8370	-230.2357	-346.9811	116.7454	1.09881	1.10404	1.43036
8376	-231.6153	-348.0691	116.4539	1.008424	1.661816	1.385348
8382	-228.8899	-345.0523	116.1625	1.198237	2.668292	0.9845379
8388	-228.8479	-345.0611	116.2132	1.201339	2.150664	1.179234
8394	-227.277	-343.6343	116.3572	0.6854348	3.308079	1.02885
8400	-231.7014	-347.1602	115.4588	0.9287268	5.245704	1.057333
8406	-234.3677	-349.3855	115.0178	0.8095834	5.783715	1.41258
8412	-238.6921	-354.859	116.1669	1.11387	2.61219	1.087391
8418	-237.6028	-354.3123	116.7095	1.158033	1.809071	0.9411516
8424	-239.1229	-354.8154	115.6925	1.359947	3.995549	0.722043
8430	-238.317	-353.9477	115.6307	1.446892	3.877768	0.7455936
8436	-236.6397	-352.7181	116.0784	1.158676	3.175688	0.87985
8442	-240.5263	-355.5984	115.0721	0.5516746	2.83317	2.222562
8448	-256.9726	-371.9985	115.0259	0.6242487	7.26045	1.288339
8454	-245.9071	-361.7806	115.8735	0.7753071	3.950239	1.174952
8460	-235.0301	-351.265	116.2349	1.258218	2.714242	0.8102386
8466	-235.7034	-352.5353	116.8319	1.258218	1.806595	0.6297771
8472	-242.576	-359.4118	116.8358	1.295462	1.527885	0.8584969
8478	-240.2764	-357.3895	117.1131	1.231296	1.297152	0.8144658
8484	-237.4151	-353.8003	116.3852	1.11879	1.630548	1.36941
8490	-233.7228	-350.3105	116.5877	0.8015395	1.768151	1.387429
8496	-239.2408	-355.1074	115.8666	0.391479	3.621017	1.574744
8502	-237.811	-354.1853	116.3743	0.4016222	2.409035	1.574744
8508	-239.7593	-356.3759	116.6166	0.5012493	1.201458	1.888747
8514	-237.6927	-354.2457	116.553	0.3896844	2.325825	1.482558
8520	-239.7362	-356.6851	116.9488	1.467661	1.381082	0.529263
8526	-242.3372	-359.4423	117.1051	0.9373016	1.25648	1.15859
8532	-246.0704	-361.5751	115.5047	0.9263426	2.984315	1.631399
8538	-243.2587	-358.1564	114.8977	1.028224	7.706904	0.9569105
8544	-239.2338	-354.1254	114.8916	0.8719307	5.549674	1.506201
8550	-234.1322	-350.2205	116.0883	1.062895	1.338384	1.787307
8556	-240.5505	-356.3499	115.7994	1.269642	2.867093	1.172805
8562	-237.8439	-353.1512	115.3073	1.519453	4.94926	0.5674888
8568	-239.1658	-355.4709	116.3051	1.683908	2.019112	0.5184509
8574	-243.7954	-359.3177	115.5223	0.7534869	3.384252	1.626431
8580	-240.1376	-355.5596	115.422	0.5997506	4.160666	1.611395
8586	-231.3515	-347.5623	116.2108	0.4516457	1.938495	1.83855
8592	-234.1721	-349.856	115.6839	0.3417447	3.442652	1.787569
8598	-237.6633	-354.7432	117.0799	0.33783	1.749138	1.374777
8604	-234.0699	-349.7728	115.7029	1.827228	2.569509	0.2627855
8610	-239.195	-356.3189	117.1239	1.499633	1.12751	0.5689024
8616	-237.708	-354.989	117.281	1.593026	0.8300649	0.6972945
8622	-234.3672	-351.0103	116.6431	1.571576	1.61462	0.384583
8628	-240.6596	-357.4173	116.7577	1.799382	1.195371	0.5900211
8634	-235.2984	-352.4103	117.1119	1.784579	0.845339	0.4021208
8640	-235.1429	-352.5066	117.3637	1.660635	0.7442432	0.5891818
8646	-242.5602	-359.7978	117.2377	1.34665	0.8612547	1.009425
8652	-240.0662	-356.0217	115.9556	1.02964	3.509582	1.009425
8658	-242.4097	-358.6231	116.2134	1.205594	3.192006	0.5570872
8664	-242.007	-357.6408	115.6339	1.995812	2.287368	0.2411885
8670	-242.9767	-358.9605	115.9838	1.383337	3.288364	0.4078654
8676	-234.0596	-351.1482	117.0885	1.592062	1.07136	0.4568838
8682	-237.1549	-354.4885	117.3336	1.413437	0.6626893	1.086898
8688	-235.9884	-352.613	116.6246	1.806834	1.333721	0.6184048
8694	-229.5568	-346.721	117.1641	1.193818	1.373498	0.7045803
8700	-231.497	-347.9116	116.4145	1.152553	2.184001	1.022419
8706	-235.3944	-351.9576	116.5632	1.152553	2.184001	0.8637673
8712	-240.9575	-358.5081	117.5505	1.963554	0.4181641	0.5973921
8718	-229.0618	-345.928	116.8662	1.458181	1.443166	0.6674406
8724	-230.863	-348.0927	117.2297	1.458118	0.8130408	0.9602275
8730	-235.9866	-353.4489	117.4622	1.458118	0.4613163	1.20686
8736	-236.3733	-353.9543	117.581	1.527865	0.4001403	1.14042
8742	-238.347	-354.0271	115.6801	0.5701645	2.959926	1.766895
8748	-231.876	-347.5458	115.6699	0.2597776	2.467195	2.135647
8754	-232.8869	-348.1787	115.2917	0.3168128	3.471401	2.062099
8760	-237.142	-352.3887	115.2466	0.4337151	3.471401	2.014532
8766	-242.0753	-358.5223	116.447	0.2741498	3.122316	1.370171
8772	-238.1963	-354.0912	115.8949	0.4318223	1.95133	2.059216
8778	-238.8226	-354.6543	115.8317	1.020221	3.255786	1.219605
8784	-243.5093	-359.6842	116.1749	0.7951458	3.255786	1.116276
8790	-243.6237	-359.106	115.4823	0.9478672	5.266889	1.010478
8796	-238.6802	-356.0735	117.3934	0.8793533	1.38516	0.8160594
8802	-237.813	-354.8051	116.9921	0.910885	1.769574	0.930247
8808	-237.9837	-355.0172	117.0335	0.910885	1.322852	1.196226
8814	-238.3539	-354.5478	116.194	0.3156644	2.657971	1.679536
8820	-236.5099	-352.4061	115.8961	0.2688812	1.644111	2.291681
8826	-233.7324	-350.6134	116.881	0.7698754	1.644111	1.242761
8832	-242.5025	-357.8866	115.3841	0.9266514	5.88641	0.9705789
8838	-247.2636	-363.5551	116.2915	1.193578	2.816417	0.7573546
8844	-243.8454	-358.4308	114.5854	0.7981642	7.423306	1.471506
8850	-243.1396	-359.9955	116.8559	0.8729885	1.053935	1.552751
8856	-240.8822	-358.3897	117.5074	1.096632	0.6353321	1.245127
8862	-238.2372	-355.5518	117.3146	0.9687259	1.041832	1.116356
8868	-241.8863	-358.2171	116.3308	1.059625	1.611605	1.467197
8874	-245.8291	-361.5918	115.7627	1.377919	3.718887	0.7344476
8880	-239.9639	-356.5687	116.6047	0.8917119	1.792863	1.28917
8886	-238.3205	-353.8356	115.5151	1.066937	4.477753	1.08198
8892	-249.2301	-364.4017	115.1717	0.8806905	8.143989	0.6839232
8898	-250.1406	-365.6963	115.5557	0.7883656	5.297826	1.084955
8904	-248.051	-365.0011	116.9501	1.364049	1.364267	0.7826292
8910	-232.8076	-349.1062	116.2987	0.9014593	2.97637	1.007647
8916	-228.9072	-346.1157	117.2084	1.173385	1.309347	0.7486455
8922	-237.7768	-355.2735	117.4967	1.454247	0.8167445	0.5144151
8928	-238.7805	-355.083	116.3024	1.130281	2.9948	0.7178725
8934	-240.767	-357.7421	116.9751	1.278332	1.500704	0.7178725
8940	-244.8474	-360.5284	115.681	0.6229677	2.059453	2.032401
8946	-243.0622	-357.8505	114.7883	0.302554	5.682526	1.956331
8952	-244.6907	-360.3856	115.6949	0.156468	3.373745	1.924941
8958	-242.022	-357.8788	115.8568	0.3580677	2.563675	1.914858
8964	-247.6392	-363.875	116.2358	0.3333764	1.888505	1.922708
8970	-233.7609	-350.405	116.6441	0.5779049	1.708641	1.543968
8976	-234.6335	-351.4593	116.8257	0.7937392	1.708641	1.232665
8982	-232.0959	-348.6834	116.5875	0.4941913	1.952347	1.53427
8988	-231.0172	-346.6979	115.6807	0.2518304	2.276504	2.197325
8994	-242.0988	-357.3152	115.2163	0.527452	2.874219	2.132889
9000	-243.6027	-360.2588	116.6561	0.1892694	2.189273	1.608367
9006	-241.3436	-357.3367	115.9932	0.2065954	2.700199	1.881406
9012	-242.091	-358.3187	116.2277	0.6482541	2.136035	1.60749
9018	-235.3377	-351.6346	116.2969	0.7309759	2.58957	1.313782
9024	-231.3529	-347.7858	116.4329	0.9518671	1.923691	1.313782
9030	-233.993	-349.6027	115.6097	1.128251	4.322344	0.977358
9036	-234.1115	-350.07	115.9585	0.852097	4.097392	0.977358
9042	-237.5732	-354.3694	116.7962	0.6629167	1.520982	1.463937
9048	-235.1158	-350.754	115.6382	0.532429	2.347699	2.016784
9054	-236.9986	-352.5412	115.5426	0.8055602	5.79817	0.9543378
9060	-234.7042	-350.2828	115.5786	0.5821748	2.396763	2.006628
9066	-240.4714	-356.8636	116.3922	0.6009806	2.396763	1.416154
9072	-241.3334	-357.8277	116.4943	1.072746	2.371009	0.9203148
9078	-233.5756	-349.9118	116.3362	1.072746	2.491818	1.020838
9084	-231.3234	-348.4894	117.1661	0.9322861	1.468382	0.9446426
9090	-236.1752	-352.9288	116.7536	0.8231554	1.448559	1.41487
9096	-238.1064	-354.0678	115.9614	0.4932709	2.661391	1.717369
9102	-240.5759	-356.3154	115.7395	0.9614886	2.224124	1.698328
9108	-239.8126	-355.5268	115.7142	0.6347465	2.957376	1.698328
9114	-234.9792	-350.3219	115.3427	0.05088724	3.6186	2.167061
9120	-233.5839	-349.9829	116.3991	0.8304218	1.213328	1.80517
9126	-230.7677	-347.3943	116.6266	0.6685735	1.266305	1.72797
9132	-233.7572	-349.6285	115.8713	0.6834943	3.279953	1.449843
9138	-245.0207	-361.7271	116.7064	1.023243	1.451298	1.291994
9144	-241.7366	-358.8285	117.0919	1.09633	1.400011	0.9033873
9150	-243.2323	-359.3454	116.1131	1.342869	2.959029	0.7044922
9156	-244.709	-360.6704	115.9615	1.055167	3.326794	1.046906
9162	-234.395	-351.3877	116.9927	1.505976	1.141471	0.7876571
9168	-229.4197	-345.3774	115.9577	0.8687453	3.808773	1.058264
9174	-237.1642	-352.729	115.5648	1.346721	3.572053	1.058264
9180	-234.1338	-350.5836	116.4498	0.7961994	2.992566	0.9537991
9186	-238.4573	-354.905	116.4477	1.422864	2.214226	0.5725735
9192	-247.4123	-364.5547	117.1424	0.8568451	1.066566	1.336543
9198	-243.6477	-360.067	116.4193	1.151875	2.314076	0.9476084
9204	-234.0004	-350.2139	116.2135	1.525822	2.486349	0.4891259
9210	-232.8681	-349.0281	116.1601	1.508762	2.497634	0.3405285
9216	-230.6644	-346.168	115.5037	1.508762	4.352762	0.4857188
9222	-224.4827	-341.3243	116.8416	1.060484	1.964839	0.7858142
9228	-229.7057	-346.4827	116.777	0.9580583	1.964839	0.9794794
9234	-242.2711	-359.2537	116.9827	1.401659	0.6166811	1.441312
9240	-236.818	-352.0597	115.2417	0.6639084	3.554406	1.841447
9246	-239.642	-354.7621	115.1201	0.8245309	4.323839	1.629279
9252	-234.4504	-350.5555	116.1051	1.004364	3.636034	0.820168
9258	-237.2348	-352.6481	115.4132	0.4321889	2.360141	2.225421
9264	-234.7113	-350.48	115.7687	0.4616648	3.639195	1.590178
9270	-237.9213	-353.6275	115.7061	0.6261699	4.343738	1.331364
9276	-241.2619	-356.8542	115.5923	1.132908	5.138384	0.6887556
9282	-230.8075	-346.5619	115.7544	1.526375	3.565303	0.5005183
9288	-236.7925	-352.32	115.5275	1.522266	4.217541	0.4466194
9294	-252.0051	-368.9501	116.945	1.168874	0.399857	1.891029
9300	-240.3432	-357.5799	117.2367	1.181734	0.3494336	1.751154
9306	-235.2786	-352.6288	117.3502	1.282513	0.3951285	1.530416
9312	-235.6464	-351.6015	115.9552	0.9523635	2.063104	1.614447
9318	-233.6554	-349.1234	115.4679	0.616812	2.353077	2.071811
9324	-234.4585	-350.1949	115.7364	0.4296246	1.704347	2.265017
9330	-232.6781	-349.5979	116.9199	0.9638529	1.774983	0.9470782
9336	-236.1542	-352.6099	116.4556	1.186388	2.659301	0.5896446
9342	-234.958	-350.0898	115.1318	1.227029	5.492955	1.021897
9348	-233.5213	-348.7369	115.2156	1.465162	5.492955	0.5619871
9354	-238.9976	-354.1156	115.1181	1.351335	5.492955	0.9069751
9360	-244.2171	-360.3708	116.1537	1.213241	3.333806	0.5301984
9366	-247.2107	-363.0846	115.8739	1.382879	3.615215	0.5550705
9372	-241.6843	-357.3555	115.6712	0.9684697	5.227455	0.7844824
9378	-243.908	-358.761	114.853	0.4074837	5.227455	1.92212
9384	-234.2121	-350.287	116.0749	1.245041	3.205583	0.7575377
9390	-230.7288	-346.7085	115.9797	1.174351	3.205583	0.9577444
9396	-233.6436	-350.4104	116.7668	1.043195	1.610688	1.124942
9402	-245.7244	-361.1682	115.4438	0.7311324	3.973325	1.544854
9408	-245.8399	-360.8359	114.996	0.7621788	2.636622	2.193828
9414	-251.0462	-366.2196	115.1733	2.084275	3.141202	0.2525641
9420	-252.1701	-369.2153	117.0452	1.308856	1.384625	0.6961019
9426	-248.8719	-365.9034	117.0314	1.051939	1.26367	1.116646
9432	-246.3144	-361.9398	115.6254	0.9294802	4.443097	1.116646
9438	-246.4664	-362.614	116.1476	1.110568	3.117174	0.8830913
9444	-244.6134	-360.7861	116.1727	1.110568	3.323455	0.7423142
9450	-238.3075	-353.1579	114.8504	1.910289	3.970598	0.1813741
9456	-237.4987	-353.0336	115.5349	1.841647	2.458574	0.1813741
9462	-241.622	-356.9455	115.3235	1.416192	5.212246	0.6139343
9468	-246.2143	-361.6397	115.4254	1.416192	4.922904	0.5229371
9474	-227.6331	-343.9606	116.3275	1.323729	2.669852	0.4884611
9480	-229.9393	-345.0154	115.0761	1.799487	4.167582	0.2483403
9486	-239.141	-354.688	115.547	1.84757	2.656498	0.2191625
9492	-239.1315	-354.3129	115.1814	1.794753	3.316237	0.1751129
9498	-238.8173	-354.1702	115.3529	1.589853	4.257014	0.3080182
9504	-242.3253	-358.4759	116.1506	1.308414	3.075519	0.5878609
9510	-236.6455	-353.6316	116.9861	1.148689	1.640602	0.7485073
9516	-239.2838	-354.7428	115.4589	0.8674749	5.238848	1.115649
9522	-243.3261	-359.8277	116.5016	1.079423	1.618324	1.314721
9528	-235.0716	-351.017	115.9454	0.8557679	3.097056	1.314721
9534	-230.6731	-347.3286	116.6555	0.5898582	1.581351	1.590779
9540	-240.146	-355.2921	115.1462	0.2628397	3.368743	2.217929
9546	-247.3062	-362.8196	115.5134	0.1460336	2.769688	2.217929
9552	-233.18	-349.2745	116.0945	0.1382959	3.140619	1.726041
9558	-236.5216	-353.214	116.6924	0.1715509	2.46315	1.48928
9564	-234.2633	-348.9678	114.7045	0.04228078	2.46315	2.877098
9570	-231.1272	-347.9181	116.7909	0.07033141	1.952227	1.694103
9576	-235.3228	-351.8659	116.5432	0.1774683	2.471464	1.592291
9582	-235.5356	-351.5251	115.9895	0.6169087	2.605773	1.627815
9588	-235.6364	-350.6185	114.982	0.7504427	5.912967	1.460938
9594	-229.8588	-346.6562	116.7974	0.8246247	1.423163	1.394741
9600	-232.4917	-349.2511	116.7594	0.7965992	1.736228	1.270361
9606	-237.1812	-353.6637	116.4825	0.859708	2.941243	0.8716509
9612	-235.5901	-351.8687	116.2786	0.8173125	2.941243	1.120294
9618	-238.2605	-353.7354	115.4749	0.8639134	4.084428	1.392361
9624	-234.575	-350.9751	116.4002	0.8998314	1.600741	1.540643
9630	-224.9905	-341.7688	116.7783	1.010763	2.024476	0.8832123
9636	-221.0704	-337.409	116.3387	1.083424	2.517125	0.9954682
9642	-225.2446	-341.2	115.9554	1.141874	3.457967	0.9127592
9648	-241.7257	-357.4298	115.7042	0.9559248	3.129168	1.415626
9654	-233.9602	-349.7251	115.7649	0.9415349	3.885124	1.143876
9660	-250.9799	-368.2972	117.3173	0.4271008	1.928133	0.9923402
9666	-246.9814	-362.8413	115.8598	0.5321299	3.729058	1.44551
9672	-238.8824	-355.7703	116.8878	0.6571133	1.395073	1.470531
9678	-231.7188	-349.3617	117.6429	1.066754	0.6824646	1.096946
9684	-236.207	-353.0006	116.7936	1.109448	1.834805	0.883843
9690	-240.9479	-357.9854	117.0375	0.9640131	1.716119	0.8580297
9696	-245.8425	-362.0471	116.2046	0.8158632	3.728347	0.887431
9702	-237.7049	-353.4193	115.7144	1.351747	4.144374	0.5865131
9708	-241.5628	-358.8227	117.2599	1.148981	1.32871	0.6767922
9714	-243.6429	-358.7726	115.1297	1.794892	4.283745	0.3005933
9720	-239.2469	-355.1924	115.9455	1.620832	2.547243	0.2777299
9726	-242.3507	-357.9506	115.5999	1.864657	2.619044	0.2414754
9732	-242.7723	-358.2305	115.4582	1.794965	3.343921	0.2994315
9738	-245.2635	-362.5268	117.2634	1.635926	0.826105	0.3698269
9744	-233.8938	-351.7735	117.8796	1.619916	0.4289043	0.5795601
9750	-241.289	-359.2191	117.9301	1.423094	0.4289043	0.8357337
9756	-237.7932	-354.5484	116.7552	1.055184	2.243634	0.6826089
9762	-240.9788	-357.1959	116.2171	0.525431	2.886773	1.431321
9768	-246.0871	-363.217	117.1299	0.7243342	1.487379	1.164116
9774	-238.0962	-355.0072	116.911	0.9087865	1.343396	1.286734
9780	-241.8798	-359.3404	117.4606	1.363958	0.8550125	0.7323864
9786	-251.1651	-368.0926	116.9274	1.363958	1.544658	0.4555009
9792	-239.9259	-355.7555	115.8297	0.4256083	3.287542	1.668265
9798	-236.1955	-351.3634	115.168	0.6633819	5.753166	1.41541
9804	-239.5607	-355.6622	116.1015	0.3307544	2.612179	1.749377
9810	-235.9858	-352.383	116.3972	1.363951	2.414978	0.5884568
9816	-237.9113	-354.4118	116.5005	1.570699	1.672343	0.8073731
9822	-244.1117	-359.4885	115.3768	1.329026	5.423259	0.4897252
9828	-242.7077	-360.2522	117.5445	1.304385	0.9032998	0.448932
9834	-234.6788	-351.0021	116.3233	1.450804	2.402276	0.4410214
9840	-239.7928	-355.4004	115.6076	1.773499	3.180103	0.3596421
9846	-236.7484	-353.0536	116.3052	1.773499	1.675549	0.2891905
9852	-232.1392	-345.9158	113.7766	1.773499	11.59353	0.4626405
9858	-239.9577	-354.2916	114.3339	2.066586	5.156021	0.1812643
9864	-242.0017	-357.6397	115.638	0.5907568	4.462177	1.384165
9870	-246.8655	-362.8381	115.9727	0.5374986	2.781655	1.638458
9876	-239.2059	-355.4502	116.2443	0.9937968	2.549926	1.152872
9882	-232.5675	-348.0992	115.5317	1.680118	3.750441	0.5319068
9888	-237.2745	-353.317	116.0425	1.485833	2.942961	0.517725
9894	-239.6273	-356.0599	116.4325	1.155614	2.724712	0.6506705
9900	-240.1435	-356.0559	115.9124	1.122262	2.522502	1.334356
9906	-242.9914	-358.7177	115.7263	1.055033	2.955771	1.377945
9912	-243.3856	-359.9148	116.5292	1.175093	1.82516	1.09203
9918	-241.5755	-357.8618	116.2863	0.8254803	2.348446	1.342576
9924	-238.5409	-354.798	116.2571	0.5454713	2.706881	1.447285
9930	-238.439	-354.4476	116.0087	0.2869079	2.320194	1.94278
9936	-235.2313	-350.7863	115.555	0.4896467	2.143458	2.171399
9942	-249.4913	-363.9358	114.4445	0.4414034	5.084128	2.195524
9948	-241.6814	-357.178	115.4965	0.6554681	3.20712	1.763744
9954	-240.2351	-356.0927	115.8575	1.450585	3.491482	0.4897996
9960	-247.0042	-362.4996	115.4954	0.7853436	3.596263	1.564767
9966	-245.2153	-361.3064	116.091	0.8082083	1.663182	1.796301
9972	-248.0999	-365.5054	117.4054	1.453127	0.507545	1.192833
9978	-245.5094	-362.7561	117.2467	1.521184	0.2893637	1.597941
9984	-236.5065	-353.1291	116.6226	0.6631663	1.684538	1.508565
9990	-242.0337	-358.4883	116.4546	0.8908502	1.592858	1.510928
9996	-244.6305	-360.8126	116.1821	1.046737	2.763952	1.070152
10002	-238.2093	-354.9119	116.7026	0.6734963	1.784529	1.389454
10008	-238.4528	-354.8325	116.3797	0.9789127	1.784529	1.403066
10014	-243.24	-359.491	116.251	0.3333097	1.584626	2.045962
10020	-237.446	-352.7896	115.3436	0.7777355	4.69668	1.412724
10026	-246.9843	-362.8019	115.8175	0.8397282	2.975976	1.466932
10032	-239.7159	-356.6208	116.9049	0.1910898	2.018026	1.494716
10038	-247.4182	-362.4233	115.0052	1.070654	1.392594	2.464184
10044	-242.3288	-359.4948	117.166	1.201602	0.3728134	1.752941
10050	-233.5926	-351.104	117.5113	1.316466	0.4944152	1.237399
10056	-234.4807	-351.4301	116.9494	1.006499	1.250129	1.237399
10062	-243.2796	-357.8498	114.5702	1.445954	8.085816	0.7606965
10068	-241.544	-358.9581	117.4141	1.294062	0.7495706	1.016758
10074	-244.9474	-361.7008	116.7534	1.476225	1.319624	0.9279119
10080	-243.9516	-360.8763	116.9247	1.299369	1.387965	0.8730101
10086	-247.6974	-363.7216	116.0243	0.8595127	4.09053	0.9015084
10092	-251.4092	-367.8924	116.4832	1.021152	1.183507	1.629532
10098	-257.8891	-375.117	117.2278	1.371322	0.6933873	1.182567
10104	-243.8429	-360.3393	116.4964	0.8513272	2.168415	1.227998
10110	-249.1112	-366.3072	117.1961	1.038678	0.9292802	1.256895
10116	-248.5673	-365.1336	116.5663	1.078993	1.936804	1.083005
10122	-250.1325	-366.0367	115.9042	0.8312188	3.01657	1.393564
10128	-245.7263	-361.9377	116.2114	0.5312079	3.01657	1.387956
10134	-246.641	-362.406	115.765	1.363355	3.993667	0.4744824
10140	-236.614	-353.199	116.585	1.304656	1.365604	1.213814
10146	-235.4361	-352.1003	116.6641	0.8613105	2.249722	1.028374
10152	-235.4143	-352.3589	116.9446	0.8384794	1.652241	1.123445
10158	-235.3511	-352.0258	116.6746	1.364955	1.652241	0.8637209
10164	-230.3236	-346.5684	116.2448	1.494283	2.479729	0.458222
10170	-224.7402	-341.145	116.4047	1.433371	2.251493	0.6123949
10176	-227.2625	-344.4915	117.229	1.582505	0.8540805	0.753897
10182	-234.4219	-351.6296	117.2077	1.275779	1.031134	0.9304478
10188	-239.1677	-356.3038	117.1361	1.322972	1.034981	0.952383
10194	-229.7102	-346.7055	116.9953	1.270897	1.036131	1.136776
10200	-241.1816	-357.6584	116.4768	1.111927	1.099454	1.623579
10206	-238.2302	-354.9504	116.7202	0.8685719	1.099454	1.623579
10212	-230.9944	-347.5103	116.516	1.137284	1.469568	1.342491
10218	-234.0725	-351.3404	117.2679	1.835112	0.69334	0.5165069
10224	-240.5405	-356.3603	115.8198	1.837697	2.59864	0.3916637
10230	-233.0902	-348.9931	115.9029	1.764888	2.430891	0.3089034
10236	-237.6381	-354.4954	116.8573	1.593705	1.331188	0.4441093
10242	-238.9561	-354.7969	115.8408	1.548002	3.201134	0.3830598
10248	-243.6263	-360.8154	117.1891	1.059197	1.585246	0.6024866
10254	-241.1205	-358.128	117.0075	1.39442	1.282462	0.7515737
10260	-234.5333	-349.6424	115.1091	1.534378	5.645618	0.55275
10266	-228.1943	-344.1015	115.9071	1.177859	3.143568	1.05158
10272	-235.5256	-352.0898	116.5642	1.151539	2.29237	0.7902307
10278	-234.5581	-349.3349	114.7768	1.168337	5.996192	1.277354
10284	-240.2888	-356.4799	116.1911	0.9562681	3.028534	1.037567
10290	-246.2156	-362.3585	116.1429	1.142853	2.310597	1.21588
10296	-244.0653	-358.5751	114.5099	1.127749	6.920743	1.355848
10302	-244.6451	-360.4959	115.8508	0.6323526	3.764989	1.364813
10308	-238.1229	-353.8474	115.7245	0.3770454	2.367183	2.055906
10314	-245.3937	-360.9459	115.5522	1.093624	4.548053	0.9999075
10320	-242.9233	-360.3379	117.4146	0.9455974	1.275844	0.8167732
10326	-246.1087	-362.6164	116.5077	0.6748162	2.475849	1.231984
10332	-252.5272	-368.712	116.1848	0.2688329	2.418718	1.800389
10338	-253.462	-369.2015	115.7395	0.07060699	3.551397	1.907364
10344	-245.7271	-361.6284	115.9013	0.008710081	2.517722	2.132238
10350	-236.4026	-352.0829	115.6803	0.5605692	2.742685	1.839939
10356	-241.6855	-358.7867	117.1012	0.7355903	0.707805	1.750454
10362	-237.3841	-353.2926	115.9085	0.4427706	2.3081	1.909432
10368	-241.7076	-356.1037	114.3962	0.2387525	4.043274	2.554575
10374	-249.5991	-366.7258	117.1267	0.01191867	1.420067	1.751483
10380	-241.091	-357.8341	116.7431	0.9326905	1.492745	1.310641
10386	-236.6003	-352.9606	116.3603	0.9522907	2.052777	1.310641
10392	-240.2928	-357.1825	116.8897	0.7898366	1.640619	1.220672
10398	-245.1375	-361.9794	116.8419	1.331299	1.628412	0.6999499
10404	-247.0355	-363.8126	116.7771	1.194693	1.98287	0.6532096
10410	-251.6152	-367.1829	115.5677	0.6030147	5.027267	1.298346
10416	-248.2334	-363.8906	115.6571	1.220603	3.984958	0.9465265
10422	-239.4352	-356.0306	116.5954	1.1773	2.051214	0.8843438
10428	-236.2525	-352.2329	115.9804	0.7959503	3.631428	1.161545
10434	-239.8482	-355.8689	116.0207	0.5180388	1.068714	2.347378
10440	-239.0369	-356.5467	117.5098	1.27748	0.7037594	0.9957735
10446	-242.4227	-358.8495	116.4269	0.8208457	2.604231	1.121041
10452	-237.3587	-353.6188	116.2601	0.6337917	2.440006	1.475391
10458	-244.8518	-359.9532	115.1014	0.605427	5.940136	1.475391
10464	-232.4591	-348.8673	116.4082	0.6482979	2.09234	1.492314
10470	-225.155	-341.7005	116.5455	1.041566	2.153077	1.019571
10476	-230.931	-346.8148	115.8837	1.266773	2.736581	1.152708
10482	-233.4374	-350.0834	116.646	0.6594223	2.781395	0.9879501
10488	-236.1875	-352.2414	116.054	1.297706	2.942667	0.8597338
10494	-227.1734	-343.2813	116.1079	1.226217	3.109469	0.7928018
10500	-249.5908	-365.6794	116.0887	1.050465	3.743003	0.7231169
10506	-249.8122	-365.6402	115.8281	1.041741	4.307869	0.8350346
10512	-245.3602	-361.1657	115.8056	1.021604	3.151579	1.275295
10518	-243.4408	-358.7521	115.3113	0.7936021	3.117406	1.821743
10524	-246.3962	-364.0341	117.6379	1.380298	0.2361916	1.512928
10530	-242.3266	-358.1542	115.8276	0.9023706	2.092833	1.729043
10536	-243.9173	-360.4476	116.5303	0.668425	2.67263	1.13614
10542	-245.1745	-361.659	116.4845	0.9731513	2.202406	1.115824
10548	-249.561	-366.1048	116.5438	1.008638	1.751997	1.264785
10554	-251.6358	-368.0979	116.462	0.535007	1.570914	1.772773
10560	-243.2595	-360.1979	116.9384	0.8047609	1.138955	1.482915
10566	-237.6525	-353.2898	115.6374	0.8100873	3.782296	1.388047
10572	-228.7069	-345.5832	116.8763	0.7938556	1.92559	1.06603
10578	-234.5376	-350.5365	115.9989	1.133536	3.518683	0.8455558
10584	-243.9666	-359.835	115.8684	1.113951	3.364802	1.065373
10590	-234.4108	-350.7697	116.359	1.066358	2.883638	0.7993267
10596	-239.9872	-356.1924	116.2052	1.376618	2.211809	0.992822
10602	-244.1456	-359.0331	114.8875	1.883501	4.324637	0.2241247
10608	-243.6361	-359.8085	116.1724	1.556744	2.300004	0.3042085
10614	-245.892	-362.2285	116.3365	1.457408	2.368971	0.4529296
10620	-243.9188	-359.9252	116.0064	1.457408	2.975208	0.3563815
10626	-248.8606	-365.0231	116.1624	1.349023	2.975208	0.5443577
10632	-235.8931	-351.2502	115.3571	1.332632	5.360367	0.6393666
10638	-240.328	-356.2736	115.9456	1.030452	3.990532	0.8319007
10644	-237.107	-351.7331	114.6261	1.065878	7.858923	1.151795
10650	-231.2557	-347.8393	116.5837	1.15369	1.948338	0.9871903
10656	-225.2987	-341.1995	115.9009	1.317229	3.633387	0.6502097
10662	-230.9577	-347.0117	116.054	1.339476	3.253328	0.5612108
10668	-232.1329	-349.0623	116.9294	1.368036	1.416222	0.748494
10674	-238.8288	-354.8874	116.0585	1.241282	3.078587	0.852846
10680	-248.4613	-363.0917	114.6304	1.675163	7.130187	0.4702214
10686	-243.0633	-358.6235	115.5602	1.632609	3.805418	0.4726091
10692	-237.1108	-352.3562	115.2454	1.856494	3.700484	0.2866178
10698	-234.2646	-349.3307	115.0661	2.036407	3.700484	0.2870461
10704	-233.3809	-347.7957	114.4149	1.759103	7.542118	0.3589923
10710	-242.8694	-359.309	116.4396	0.5495212	2.419148	1.410553
10716	-252.9762	-368.6178	115.6416	1.093803	3.780947	1.150451
10722	-239.6241	-355.1698	115.5456	1.31846	4.148246	0.9023124
10728	-241.9812	-356.3822	114.4009	1.491874	9.054091	0.6776259
10734	-241.802	-358.4554	116.6534	1.30785	1.903623	0.7540909
10740	-244.8059	-360.2359	115.43	1.049438	5.445387	0.9095807
10746	-244.2764	-360.7042	116.4278	1.394947	2.086134	0.7978357
10752	-247.2872	-364.3949	117.1077	1.178008	1.523836	0.6201805
10758	-237.7137	-353.322	115.6084	1.069639	4.286919	1.047661
10764	-234.5025	-351.1542	116.6518	0.8393839	2.631572	0.8607562
10770	-229.7893	-344.7035	114.9142	1.437691	6.084145	0.8732601
10776	-237.1543	-353.6638	116.5096	1.094769	2.682721	0.6575224
10782	-237.278	-353.1713	115.8933	0.9424235	4.473329	0.8126393
10788	-236.3294	-352.6016	116.2722	0.8013982	3.077417	1.087899
10794	-241.3851	-358.1897	116.8046	2.005598	0.7945511	0.2636973
10800	-235.5753	-352.8221	117.2469	1.846634	0.6864896	0.4086658
10806	-239.5314	-356.7265	117.1951	1.928139	0.6510136	0.3760425
10812	-247.8092	-363.828	116.0188	0.3520504	3.124815	1.632355
10818	-233.0658	-348.3597	115.294	0.2245301	2.581983	2.364018
10824	-234.7172	-349.1112	114.3939	0.4364994	5.206515	2.209733
10830	-233.459	-347.8228	114.3639	1.040318	5.206515	1.828041
10836	-242.6672	-358.553	115.8858	0.7767151	3.211898	1.387569
10842	-245.1	-361.2934	116.1935	0.8596838	2.940784	1.158554
10848	-246.5311	-361.9792	115.4481	0.8254221	2.940784	1.756443
10854	-246.1368	-360.2935	114.1567	0.4207448	6.862562	2.114335
10860	-246.9725	-362.5615	115.589	1.385099	4.446542	0.5721888
10866	-239.7288	-356.1902	116.4614	1.071399	2.370913	0.9570434
10872	-235.1275	-350.5718	115.4443	1.029611	4.141672	1.268986
10878	-232.3395	-348.4348	116.0954	0.779809	2.955826	1.30309
10884	-241.0883	-356.7139	115.6256	1.488067	4.02735	0.4531304
10890	-243.4569	-360.0044	116.5475	1.389104	1.89942	0.7925659
10896	-235.7196	-352.5101	116.7904	0.9063431	2.093362	0.941668
10902	-241.5409	-357.8786	116.3378	0.5815702	2.453506	1.450918
10908	-239.8861	-355.3538	115.4678	0.537684	3.357044	1.824269
10914	-243.0079	-358.0776	115.0696	0.947138	3.356155	1.816697
10920	-229.7952	-345.8022	116.007	1.019517	2.879804	1.204645
10926	-241.3564	-357.0909	115.7345	1.099434	3.911013	1.016851
10932	-233.9323	-349.2302	115.2978	0.4895117	2.510257	2.214238
10938	-241.7561	-358.4116	116.6556	0.1962253	2.681103	1.418653
10944	-236.8317	-353.138	116.3063	0.9953836	2.078559	1.30757
10950	-238.1591	-354.4917	116.3326	0.683643	1.463058	1.813903
10956	-238.0676	-353.942	115.8744	0.2795549	2.03804	2.139123
10962	-244.0948	-360.1456	116.0509	0.8404871	2.44234	1.476422
10968	-241.3909	-357.6316	116.2407	1.147743	2.296545	1.13281
10974	-245.2368	-360.7019	115.4651	0.06786163	4.850621	1.807767
10980	-237.7612	-353.1051	115.3439	0.03544085	2.960107	2.34354
10986	-237.61	-353.8025	116.1925	0.1082062	2.498677	1.878062
10992	-230.8112	-346.3988	115.5876	0.03580406	2.732877	2.251953
10998	-228.6956	-343.8224	115.1268	0.109005	2.342476	2.615533
11004	-237.5652	-354.0918	116.5266	0.1102667	2.898734	1.507437
11010	-246.7315	-363.6473	116.9158	1.497678	1.33601	0.3710336
11016	-251.171	-366.9552	115.7842	1.463932	3.582148	0.6239755
11022	-248.0765	-363.9445	115.868	0.7642454	1.165839	2.230365
11028	-244.6261	-361.3054	116.6793	1.234221	2.067514	0.6718551
11034	-246.0504	-361.1274	115.077	0.3970772	2.687365	2.360647
11040	-237.1217	-352.7622	115.6404	0.2853577	2.455349	2.142024
11046	-241.0594	-355.877	114.8176	0.6860399	7.605885	1.350104
11052	-238.996	-355.1668	116.1708	0.8708546	3.410815	0.9903958
11058	-233.4502	-350.2156	116.7654	1.179075	1.621164	0.9903958
11064	-244.4099	-360.4617	116.0518	0.7992162	2.186822	1.605224
11070	-242.2055	-358.083	115.8774	0.5941446	2.186822	1.871752
11076	-236.2093	-351.6147	115.4054	0.3584074	2.997534	2.084806
11082	-245.2255	-360.1444	114.9189	0.3119078	5.167167	1.953185
11088	-245.2663	-361.5166	116.2503	0.5072429	2.685843	1.488835
11094	-233.2383	-348.1804	114.9421	0.2786215	4.572984	2.073291
11100	-224.4898	-339.3627	114.873	0.9104592	4.572984	1.689635
11106	-235.5289	-351.1269	115.598	0.687031	3.820781	1.501907
11112	-241.7814	-357.3293	115.5479	0.5654404	2.038919	2.16526
11118	-233.0671	-349.1839	116.1168	0.6460093	2.030426	1.731101
11124	-237.3119	-353.4905	116.1787	0.7129408	1.935458	1.679673
11130	-244.3213	-360.0339	115.7126	1.225559	3.990197	0.8777123
11136	-246.298	-361.2982	115.0002	1.236982	7.193694	0.6882352
11142	-238.3599	-354.9325	116.5725	1.189314	2.267612	0.742645
11148	-247.8522	-363.1422	115.29	1.627238	4.662778	0.5214248
11154	-232.1488	-348.8315	116.6827	0.9676266	1.842981	1.130876
11160	-246.4023	-362.4286	116.0263	1.627238	2.66345	0.4785993
11166	-235.2943	-351.9878	116.6935	1.637622	1.486505	0.5609715
11172	-232.8219	-349.2883	116.4664	1.070064	2.328285	0.9760417
11178	-240.68	-356.476	115.796	1.117119	4.518785	0.6719519
11184	-239.2407	-355.5013	116.2606	1.060215	3.265753	0.7188487
11190	-235.4023	-351.8679	116.4657	1.233472	2.176173	0.8881487
11196	-241.0554	-356.8577	115.8023	1.233472	4.166345	0.6478969
11202	-232.5133	-349.2706	116.7572	1.196737	1.844178	0.814745
11208	-234.1919	-350.1683	115.9764	1.196364	3.620096	0.7398977
11214	-237.3649	-353.0798	115.7149	0.8845193	4.12327	1.167625
11220	-248.8781	-364.4412	115.5631	1.125853	5.069987	0.7758787
11226	-241.8413	-357.5048	115.6635	1.12834	4.278622	0.9353812
11232	-240.7024	-356.9151	116.2127	0.4801417	3.738049	1.200681
11238	-239.5932	-356.1488	116.5556	0.9137125	2.010599	1.200681
11244	-235.0932	-351.3236	116.2304	0.7121483	2.010599	1.611084
11250	-237.6589	-354.1799	116.521	0.495656	1.456603	1.816977
11256	-239.757	-355.4391	115.682	0.7111648	2.269787	1.894687
11262	-242.5599	-357.7467	115.1868	0.1168317	4.23432	2.088151
11268	-230.3974	-346.8624	116.465	0.08179967	1.846983	1.955092
11274	-237.3704	-352.579	115.2086	0.1774458	3.447217	2.213342
11280	-239.2205	-354.5093	115.2888	0.4860168	3.096065	2.05031
11286	-237.4083	-353.6465	116.2382	0.6115892	1.705429	1.810878
11292	-242.6609	-358.0027	115.3418	0.622818	5.1133	1.441896
11298	-241.7264	-357.7046	115.9781	0.8908629	3.692799	1.056944
11304	-239.9472	-356.4907	116.5434	0.6053237	1.46261	1.721762
11310	-231.5165	-347.1854	115.6689	0.4356551	3.482839	1.721762
11316	-232.9489	-348.1607	115.2118	0.9673729	5.303287	1.228985
11322	-231.6905	-347.8351	116.1446	1.040169	2.36845	1.275172
11328	-233.5288	-350.1738	116.645	0.8342863	2.317476	1.03845
11334	-241.0163	-356.6894	115.6731	1.166682	4.252744	0.8915979
11340	-241.8589	-358.967	117.1081	0.9633679	1.538834	0.9179707
11346	-236.0503	-351.8178	115.7675	1.188344	4.120854	0.8019706
11352	-234.2293	-350.2976	116.0683	1.188344	3.342149	0.7708048
11358	-234.9911	-350.6308	115.6398	1.49586	3.828268	0.6766717
11364	-234.6852	-350.4711	115.7859	1.49586	3.531713	0.5797113
11370	-233.1602	-348.5991	115.4389	1.49586	4.592223	0.5489748
11376	-238.2492	-354.4709	116.2216	1.590722	2.336721	0.5390211
11382	-237.2939	-353.3253	116.0314	1.590722	2.733131	0.4917917
11388	-230.1247	-345.9538	115.8291	1.7391	2.733131	0.353116
11394	-230.1629	-346.2464	116.0835	1.548494	2.535637	0.322613
11400	-230.6597	-345.1291	114.4694	2.007874	5.532938	0.2464852
11406	-235.1237	-351.116	115.9923	1.552043	2.650252	0.2959826
11412	-231.4341	-347.1512	115.717	1.398608	3.767189	0.7464525
11418	-231.2611	-346.1031	114.8419	1.353333	7.4798	0.6560841
11424	-241.5016	-356.8916	115.39	1.292771	5.113981	0.7673335
11430	-241.6055	-357.3533	115.7478	1.246204	4.091588	0.7624496
11436	-248.6775	-365.7059	117.0284	1.290182	1.376731	0.7624496
11442	-241.1343	-356.7364	115.602	1.448811	4.189691	0.5884803
11448	-239.6193	-355.2455	115.6262	1.434704	4.189691	0.456876
11454	-237.1913	-352.4794	115.2881	1.3412	5.606633	0.630981
11460	-235.5397	-351.1593	115.6195	1.556326	3.842102	0.4485048
11466	-243.1801	-359.5769	116.3968	1.663651	1.871223	0.4112746
11472	-239.987	-356.9482	116.9613	1.334369	1.544538	0.4949668
11478	-239.175	-355.089	115.914	1.360824	3.483415	0.6476329
11484	-236.8408	-353.1698	116.3291	1.155337	2.923602	0.680843
11490	-235.5586	-352.3128	116.7541	0.9207143	1.094859	1.563977
11496	-242.3863	-358.6587	116.2724	0.7495546	1.802503	1.645327
11502	-235.3914	-351.0369	115.6454	0.7860603	3.288319	1.539981
11508	-244.0146	-359.713	115.6985	0.7670393	2.009588	1.943745
11514	-239.0094	-355.9949	116.9855	1.173139	1.316404	1.004191
11520	-249.7813	-365.1899	115.4086	0.2551985	2.450184	2.31262
11526	-248.4247	-364.2645	115.8398	0.1189369	1.913496	2.31262
11532	-240.9556	-356.4959	115.5403	0.5874337	3.302486	1.754175
11538	-233.6908	-350.8423	117.1515	0.7927513	1.351598	1.176349
11544	-239.2245	-355.6266	116.4021	0.7535159	1.943321	1.483056
11550	-243.0201	-360.2185	117.1984	1.012749	1.047216	1.175768
11556	-236.9249	-354.0722	117.1473	1.085206	1.323914	0.9209402
11562	-236.2385	-353.4444	117.2058	1.168596	0.8237927	1.237493
11568	-232.9895	-349.7323	116.7428	0.830273	2.536124	0.8158703
11574	-231.997	-348.3567	116.3596	1.196671	2.859021	0.5713898
11580	-233.8856	-349.8563	115.9707	0.9422551	2.305924	1.512689
11586	-232.4615	-348.9368	116.4752	1.172974	2.082718	0.9980242
11592	-235.5341	-351.9188	116.3847	1.215999	2.082718	1.044581
11598	-235.4873	-352.15	116.6627	1.075071	1.598104	1.196082
11604	-231.7267	-347.8671	116.1404	0.9568811	2.714262	1.207793
11610	-237.5352	-353.0008	115.4657	0.8071118	4.94373	1.233427
11616	-230.995	-347.496	116.501	1.106264	2.144	1.004547
11622	-240.5196	-356.5038	115.9842	1.496914	3.055571	0.502098
11628	-245.6463	-361.3326	115.6863	1.580207	3.531785	0.6246843
11634	-247.072	-363.9793	116.9073	1.545278	1.314368	0.6032042
11640	-235.587	-351.6994	116.1124	1.118268	3.27817	0.8384094
11646	-245.819	-362.143	116.3241	0.9775101	2.871223	0.9505783
11652	-246.8097	-361.7562	114.9464	0.9779084	5.891084	1.315092
11658	-242.0439	-358.9752	116.9313	1.493398	1.201697	0.814967
11664	-244.0667	-359.5453	115.4786	0.9271283	5.595675	0.9473538
11670	-241.8254	-357.3305	115.5051	0.7931301	4.971604	1.205163
11676	-235.1375	-350.6627	115.5252	0.4227947	3.109953	1.930824
11682	-235.171	-350.6686	115.4976	0.7328151	4.431358	1.390259
11688	-239.2784	-355.5467	116.2683	0.677804	2.559154	1.390259
11694	-236.7137	-352.3914	115.6776	0.3924823	2.900156	1.908449
11700	-238.4354	-354.2035	115.7681	0.6383099	4.797904	1.154423
11706	-234.5704	-351.0273	116.4569	0.3373921	2.078473	1.689354
11712	-234.9645	-351.1329	116.1683	0.6072216	2.309071	1.612535
11718	-234.1685	-349.9595	115.791	0.3998594	3.525088	1.649169
11724	-240.3057	-356.1173	115.8115	0.3513504	3.183915	1.762691
11730	-236.0831	-351.772	115.6889	0.2265512	3.183915	1.932359
11736	-241.4155	-355.9422	114.5268	0.1022905	4.101453	2.546221
11742	-253.809	-369.1364	115.3275	1.283801	4.508588	1.045446
11748	-245.7279	-362.2164	116.4885	1.03891	2.603731	0.8326292
11754	-237.1186	-351.815	114.6964	0.6596449	5.390273	1.827354
11760	-241.5766	-358.2806	116.704	0.5384685	2.235164	1.285251
11766	-238.5019	-355.2737	116.7718	0.7013223	2.235164	1.085414
11772	-243.5371	-358.7446	115.2076	1.522893	5.233985	0.6228011
11778	-239.038	-355.4981	116.4602	1.313171	2.387665	0.4164898
11784	-248.2045	-364.0789	115.8744	0.6591889	3.16274	1.501453
11790	-246.8946	-362.8588	115.9642	0.9110578	3.69047	1.051758
11796	-240.1513	-356.2893	116.1381	0.9476038	2.691623	1.226499
11802	-237.6334	-353.273	115.6396	1.548622	3.822012	0.4862371
11808	-238.1572	-353.9841	115.8268	1.363978	3.814468	0.4862371
11814	-240.421	-356.7794	116.3584	1.280031	2.515968	0.7378159
11820	-233.9926	-350.4852	116.4926	1.226889	1.547512	1.24196
11826	-239.8089	-356.3193	116.5104	0.8346233	2.305304	1.167171
11832	-237.1365	-352.7962	115.6597	1.028165	3.020677	1.429061
11838	-229.3123	-345.3181	116.0059	1.077094	3.471417	0.9229065
11844	-236.3391	-351.6076	115.2685	0.5201338	3.41442	1.956633
11850	-236.6782	-352.2106	115.5323	0.6019643	2.602543	1.956633
11856	-242.4091	-357.0324	114.6234	0.8833633	6.754673	1.484648
11862	-228.1673	-344.8607	116.6934	0.8789029	1.682926	1.286047
11868	-225.0664	-340.4493	115.3829	1.164379	4.236374	1.18106
11874	-228.3907	-344.7589	116.3682	0.6190639	2.075153	1.551144
11880	-234.8854	-351.6205	116.7351	0.3788841	1.790786	1.584078
11886	-241.7677	-356.7348	114.9671	0.7239518	4.426701	1.785918
11892	-231.8703	-347.1845	115.3142	0.6432183	2.987139	1.959165
11898	-228.1043	-344.4442	116.3399	0.66634	2.751555	1.269774
11904	-222.1631	-339.1137	116.9506	1.322753	1.204165	0.9835968
11910	-223.1455	-340.2496	117.1041	1.364091	1.175058	0.7882481
11916	-227.7614	-343.1476	115.3862	1.03346	5.168023	1.046817
11922	-235.8862	-352.0551	116.1689	0.7428114	1.907006	1.677614
11928	-228.7506	-345.404	116.6534	1.267618	1.313651	1.222452
11934	-237.3778	-353.8152	116.4375	1.403773	2.16924	0.6999109
11940	-233.5027	-349.7149	116.2122	1.507865	2.505836	0.5736055
11946	-234.8885	-350.8729	115.9845	1.192203	2.231817	1.339843
11952	-235.0051	-350.4739	115.4688	1.00934	4.231383	1.241269
11958	-235.2966	-351.7933	116.4967	1.309842	1.886885	0.9542358
11964	-234.0082	-351.2565	117.2482	1.246146	0.9975089	0.9542358
11970	-252.7853	-369.5801	116.7948	1.294817	0.8854362	1.410774
11976	-249.7032	-366.8408	117.1376	1.219713	0.8854362	1.19316
11982	-242.9312	-359.2921	116.3609	0.7453969	2.731878	1.19316
11988	-236.707	-352.1769	115.4699	0.6630869	3.641555	1.65987
11994	-231.3139	-347.333	116.0192	0.9596742	3.641555	0.9666034
12000	-255.9121	-372.1949	116.2827	0.139944	3.679617	1.43554
12006	-241.5802	-357.249	115.6689	0.2442416	2.607693	2.1018
12012	-243.6607	-359.7109	116.0502	0.139212	2.607693	1.917844
12018	-243.9417	-358.5682	114.6266	0.1752563	3.654356	2.534823
12024	-238.8917	-355.3992	116.5074	0.5149459	2.014136	1.551184
12030	-247.6533	-365.0918	117.4385	1.211529	0.9947739	0.771488
12036	-238.2656	-355.6136	117.3481	1.569673	0.8012917	0.6785022
12042	-246.1453	-363.3101	117.1648	0.7803242	1.788859	0.86875
12048	-234.002	-349.7965	115.7944	1.135127	3.725976	0.9859479
12054	-238.9887	-356.091	117.1023	0.9307632	1.754791	0.7852638
12060	-246.6155	-362.6627	116.0473	0.4757635	3.769717	1.331793
12066	-239.459	-354.8238	115.3648	0.7161491	4.257857	1.545099
12072	-240.7078	-357.1238	116.4161	1.053293	2.722813	0.8355456
12078	-244.7941	-360.0091	115.2149	0.9647967	4.814083	1.339892
12084	-240.5652	-356.7912	116.226	0.8225894	2.972904	1.150408
12090	-244.9614	-362.0422	117.0809	1.292087	1.11428	0.9638996
12096	-236.496	-353.4538	116.9578	1.275684	1.431392	0.8206969
12102	-239.0593	-355.537	116.4776	1.087653	2.544417	0.8206969
12108	-230.1849	-346.7275	116.5426	0.770159	2.518225	1.099573
12114	-240.0786	-355.7869	115.7083	1.190393	4.236472	0.8273211
12120	-235.9111	-353.1421	117.231	0.9621723	0.663571	1.536242
12126	-245.8282	-361.6543	115.8261	1.122437	3.76103	0.9535073
12132	-234.8317	-351.1571	116.3253	1.039454	2.346853	1.130535
12138	-229.6514	-346.7498	117.0984	1.250088	1.369854	0.7250625
12144	-229.8324	-345.176	115.3436	1.599509	4.569328	0.462169
12150	-242.5892	-359.7384	117.1492	1.140671	1.404172	0.773051
12156	-238.7793	-354.4594	115.6801	1.189823	4.396268	0.7990295
12162	-238.4414	-355.231	116.7895	0.9586122	1.619717	1.174141
12168	-241.9392	-358.8921	116.953	1.18501	0.677821	1.562865
12174	-228.3974	-344.7259	116.3286	1.274478	2.710948	0.6312368
12180	-235.788	-352.2556	116.4676	1.517562	1.924316	0.6951524
12186	-235.1069	-350.8621	115.7551	1.276776	4.104635	0.6951524
12192	-230.6139	-346.5894	115.9756	1.190958	3.790363	0.6399484
12198	-232.3258	-347.2547	114.9289	1.50757	6.517903	0.5450589
12204	-242.1612	-358.7828	116.6216	1.514437	1.676321	0.3374806
12210	-237.1549	-352.4544	115.2995	1.601027	4.208574	0.2687931
12216	-237.8695	-354.2381	116.3687	1.946764	1.311504	0.2687931
12222	-234.6963	-349.2051	114.5088	1.629316	7.938946	0.5642623
12228	-235.2001	-351.1493	115.9492	1.154945	3.386843	0.9349115
12234	-230.9649	-347.208	116.243	0.5776744	1.002308	2.208178
12240	-229.7411	-346.2294	116.4883	0.7780296	2.398088	1.193911
12246	-237.53	-353.6202	116.0903	0.842015	2.279331	1.508718
12252	-240.7788	-357.3201	116.5413	0.8488594	2.134993	1.207706
12258	-234.5038	-350.8846	116.3808	1.026166	2.756172	0.8915704
12264	-231.4398	-346.8243	115.3845	1.008111	5.862166	0.8883952
12270	-240.1703	-356.1574	115.9871	1.058819	3.283372	1.035122
12276	-242.0147	-358.8499	116.8352	1.319437	1.683389	0.6647088
12282	-242.4582	-360.2312	117.773	1.054097	0.4555514	1.293022
12288	-240.6332	-356.5278	115.8946	0.9787354	3.063499	1.267257
12294	-238.7967	-355.7312	116.9345	1.952087	0.8572707	0.4099898
12300	-234.4225	-351.6497	117.2272	1.659448	0.8572707	0.4099898
12306	-233.6684	-349.5556	115.8872	1.673251	2.653997	0.3097032
12312	-232.1484	-347.3336	115.1852	2.059558	2.77484	0.1866958
12318	-244.2776	-359.7037	115.4261	1.990568	2.454612	0.1927787
12324	-241.2721	-356.4428	115.1707	1.907427	3.817248	0.2990194
12330	-235.394	-350.8877	115.4937	1.609519	3.982324	0.633375
12336	-236.9748	-352.0606	115.0857	1.37602	6.421099	0.4850969
12342	-232.8571	-349.7896	116.9325	1.054083	1.916685	0.7007255
12348	-241.2309	-357.8638	116.6329	1.14032	2.418418	0.5108095
12354	-243.7002	-358.6476	114.9475	1.482754	5.710893	0.8883852
12360	-242.9164	-359.2421	116.3257	1.643049	2.040861	0.4382375
12366	-246.3392	-363.6001	117.2609	1.553135	0.914156	0.6297139
12372	-240.7886	-356.542	115.7534	1.553135	3.361291	0.3562739
12378	-236.6981	-351.7762	115.0781	0.729271	4.62721	1.660936
12384	-232.0257	-348.0538	116.0281	0.5602998	2.729975	1.598896
12390	-242.5757	-358.7444	116.1686	0.07031775	2.555276	1.901309
12396	-247.3713	-362.9446	115.5732	0.07692033	3.453341	2.039103
12402	-242.4218	-357.475	115.0531	0.2971393	3.25076	2.285442
12408	-232.9354	-348.5759	115.6405	0.5672632	4.282757	1.443842
12414	-227.4483	-343.1619	115.7136	0.7104075	3.189736	1.574513
12420	-233.0559	-348.4843	115.4284	0.6323839	4.062256	1.606558
12426	-238.9608	-354.4311	115.4703	0.1846175	3.580146	2.00447
12432	-237.2882	-352.7216	115.4334	0.4446266	3.503546	1.873315
12438	-232.3994	-347.0555	114.6561	0.2974227	6.729419	1.882826
12444	-244.4516	-359.5956	115.144	0.6940845	6.607946	1.248611
12450	-235.6558	-351.2553	115.5995	1.209721	4.378865	0.8808294
12456	-232.4205	-349.0386	116.6181	1.00555	1.472461	1.364238
12462	-230.2136	-345.2652	115.0515	0.5351685	5.570795	1.632031
12468	-232.3921	-348.5186	116.1265	0.8697668	3.323242	1.067557
12474	-246.5855	-362.5049	115.9194	1.116856	3.326527	1.028091
12480	-246.4273	-362.0641	115.6367	1.427774	4.181522	0.5397878
12486	-243.1336	-359.7282	116.5945	1.057856	2.026625	1.025733
12492	-233.452	-349.4661	116.014	0.9807469	3.464627	1.016655
12498	-239.9469	-356.083	116.1361	0.8659015	2.598949	1.331005
12504	-240.0836	-356.5256	116.442	0.9341427	1.736537	1.413609
12510	-243.2994	-359.1038	115.8044	0.7833975	3.024943	1.503582
12516	-232.4409	-348.8061	116.3653	1.20623	2.304114	0.9527628
12522	-243.2531	-358.4439	115.1908	0.4829088	2.302445	2.354412
12528	-238.1185	-353.0748	114.9563	0.6717031	4.575405	1.798079
12534	-235.3346	-351.3715	116.0369	0.7280623	1.676752	1.882224
12540	-232.3296	-347.3263	114.9967	0.306574	2.935558	2.398446
12546	-232.193	-348.4042	116.2112	0.3081701	2.170344	1.845263
12552	-239.6865	-355.2744	115.5879	0.7483277	4.327882	1.332193
12558	-234.8821	-348.7762	113.8941	1.025073	11.43698	1.309169
12564	-231.2896	-345.7554	114.4658	0.9200535	10.42989	1.029094
12570	-241.9842	-357.6111	115.6269	0.9200535	4.796429	1.024827
12576	-241.1629	-356.0719	114.909	1.207227	7.734816	0.7093544
12582	-254.7242	-370.9921	116.2679	0.9866853	1.712306	1.518036
12588	-243.4478	-359.6526	116.2049	0.7509618	2.212073	1.518036
12594	-243.2926	-359.2738	115.9812	0.7394489	2.318517	1.648575
12600	-252.5659	-368.2847	115.7188	0.7164445	4.123747	1.305401
12606	-246.8499	-361.9994	115.1495	0.6053058	4.123747	1.808628
12612	-248.1781	-363.5629	115.3849	0.8290385	2.842616	1.827557
12618	-234.232	-350.5795	116.3475	0.9343045	2.623086	1.081676
12624	-233.7684	-349.7504	115.9821	0.9832969	3.363776	1.081676
12630	-240.7171	-356.5674	115.8503	0.9336597	4.781775	0.7569112
12636	-247.4445	-363.5503	116.1057	0.8704144	2.331167	1.455109
12642	-239.2602	-355.7434	116.4833	0.8704144	2.426204	1.103951
12648	-236.1456	-352.6271	116.4815	0.8929199	1.704677	1.431135
12654	-243.3328	-358.8969	115.564	1.193702	3.415175	1.246509
12660	-238.3755	-355.1945	116.8189	1.057836	1.877978	0.8831803
12666	-232.9268	-350.2682	117.3413	1.201175	1.106096	0.7717825
12672	-232.1092	-348.3205	116.2113	1.345905	2.668017	0.7509067
12678	-227.86	-343.9902	116.1302	0.9308942	2.887023	1.172062
12684	-223.6426	-339.0387	115.3961	0.9274153	3.401762	1.586933
12690	-228.3556	-344.7886	116.433	0.7607309	1.698073	1.570022
12696	-244.9349	-360.6397	115.7047	1.117895	2.710091	1.430777
12702	-231.0988	-347.3553	116.2564	0.4581763	2.305345	1.657831
12708	-236.8038	-351.3077	114.5039	0.7554678	5.686711	1.841226
12714	-234.2493	-351.5413	117.292	1.317928	0.8363113	1.011944
12720	-240.2133	-356.2875	116.0742	0.6987061	3.429208	1.229273
12726	-248.0702	-363.5891	115.5189	0.770716	2.815421	1.783587
12732	-240.6371	-357.9451	117.3079	0.9768696	0.9774156	1.171892
12738	-240.9131	-358.0019	117.0889	0.7423047	1.376424	1.255762
12744	-234.3732	-351.7799	117.4068	0.9104751	1.332316	0.8126536
12750	-231.4216	-348.4002	116.9786	0.9250295	1.332316	1.22441
12756	-239.4201	-354.9496	115.5294	0.9410209	3.076368	1.574568
12762	-248.6318	-365.2553	116.6235	1.053595	2.053359	0.9858537
12768	-233.9049	-350.7253	116.8204	0.6356943	1.556036	1.447018
12774	-241.1244	-357.8911	116.7667	1.124294	1.285006	1.267204
12780	-241.6059	-358.2288	116.6229	1.136983	2.238182	0.7687875
12786	-244.8011	-361.5865	116.7853	1.034076	2.020794	0.8499146
12792	-234.557	-351.192	116.6351	1.383065	1.624773	0.9099225
12798	-242.1196	-358.0968	115.9771	0.9712233	3.310634	1.116281
12804	-239.5801	-357.0257	117.4456	1.668433	0.6057108	0.7724115
12810	-235.9418	-353.4968	117.555	1.496374	0.5380592	0.9670487
12816	-236.8522	-353.7298	116.8776	1.119298	1.7366	0.8473274
12822	-236.1573	-351.7321	115.5748	0.4889742	1.901109	2.250228
12828	-245.4018	-361.2871	115.8853	0.373526	1.901109	2.123743
12834	-239.3534	-354.3115	114.9581	0.5849595	2.984379	2.232106
12840	-249.1274	-366.7753	117.648	1.602905	0.5864716	0.5252289
12846	-241.7554	-359.5028	117.7474	1.647376	0.4899054	0.5709378
12852	-229.8355	-347.3244	117.4889	1.647376	0.2968167	1.302888
12858	-232.3918	-350.0005	117.6087	1.138765	0.6647332	1.083929
12864	-246.0145	-361.7975	115.783	0.8943154	2.64041	1.564291
12870	-243.9675	-361.2806	117.3131	1.054481	1.064043	1.016917
12876	-235.1776	-350.4978	115.3201	0.9725767	5.773124	1.016917
12882	-247.3514	-363.5088	116.1574	1.245102	2.779919	0.8843396
12888	-241.7993	-358.238	116.4387	1.220274	2.645458	0.545487
12894	-248.5071	-365.3052	116.7982	1.356446	1.647536	0.7094327
12900	-246.6579	-362.0896	115.4317	0.4271753	4.675443	1.613553
12906	-246.4448	-361.7303	115.2855	0.7180154	4.002065	1.662364
12912	-233.8606	-350.4279	116.5673	0.8121317	2.076011	1.244803
12918	-241.0216	-358.3572	117.3356	1.293483	1.057025	0.709694
12924	-242.0858	-358.2725	116.1867	1.128886	2.817337	0.960918
12930	-248.5264	-363.3967	114.8702	0.60145	2.152418	2.532288
12936	-240.8212	-356.8785	116.0573	0.6612009	1.96961	1.787012
12942	-246.3346	-361.3052	114.9706	1.425804	6.222007	0.7751704
12948	-240.5921	-358.04	117.448	1.277579	0.7667394	0.9782034
12954	-235.2024	-349.7555	114.5532	0.8859969	7.263459	1.454022
12960	-241.8939	-356.8232	114.9293	1.199	7.123774	0.8633022
12966	-246.3499	-360.972	114.6221	1.248788	9.311835	0.6316072
12972	-233.8372	-348.2904	114.4532	0.8964728	8.097838	1.396552
12978	-231.8736	-346.645	114.7713	1.335172	8.097838	0.5705481
12984	-238.6339	-354.6962	116.0623	1.177107	3.599654	0.6296545
12990	-228.5311	-345.4435	116.9124	0.8738219	1.998258	0.9038318
12996	-235.2668	-350.922	115.6552	1.139831	3.888875	1.061697
13002	-245.8953	-362.6816	116.7864	1.44663	1.632972	0.517404
13008	-234.9093	-350.1214	115.2121	1.238659	5.753252	0.8517375
13014	-234.1516	-350.1896	116.038	1.219464	3.287188	0.7994342
13020	-235.2446	-350.8154	115.5707	0.3124747	3.471549	1.877969
13026	-233.315	-349.1952	115.8802	0.3446789	1.713505	2.22328
13032	-235.5612	-352.3296	116.7683	0.4356089	1.718575	1.552488
13038	-234.259	-351.0384	116.7794	1.006892	1.223606	1.392595
13044	-241.3675	-357.8324	116.4649	0.9854463	1.944598	1.24973
13050	-228.5438	-345.6517	117.1079	0.7046643	1.065673	1.481962
13056	-231.5605	-347.5964	116.0359	0.5733008	2.304955	1.732751
13062	-246.8913	-362.923	116.0317	0.6233208	1.266335	2.159463
13068	-229.1109	-345.1476	116.0367	0.9562254	3.531554	0.993539
13074	-234.6151	-351.2799	116.6649	1.119436	2.005301	0.9013646
13080	-238.277	-354.7766	116.4996	1.257735	1.703351	1.115649
13086	-232.5581	-349.0584	116.5004	1.119557	2.643314	0.6633223
13092	-252.1485	-369.4301	117.2816	0.6584384	1.78035	0.8811337
13098	-250.4593	-366.1106	115.6513	0.6250063	1.360858	2.353394
13104	-253.6405	-369.2874	115.6468	0.1183841	1.962415	2.416688
13110	-244.5695	-360.4349	115.8654	0.2061137	2.43377	2.053435
13116	-240.1564	-356.0871	115.9307	0.1408047	2.43377	2.053435
13122	-228.2843	-344.6362	116.3519	0.8653441	1.993012	1.41341
13128	-237.7324	-353.1287	115.3964	0.3406238	4.857477	1.663042
13134	-235.9206	-351.2753	115.3547	0.266967	3.663065	2.006421
13140	-235.228	-350.5998	115.3718	0.2272904	3.812175	1.986128
13146	-234.3245	-350.2233	115.8988	0.5039399	3.206482	1.585142
13152	-238.2438	-353.61	115.3662	0.4422305	2.830623	2.103185
13158	-239.8445	-354.8623	115.0178	0.4535038	3.674005	2.103185
13164	-247.8091	-362.5171	114.708	0.2783708	3.674005	2.414762
13170	-232.1423	-347.5923	115.45	0.1284234	2.302375	2.414762
13176	-238.114	-354.0573	115.9433	0.1310267	1.721085	2.316571
13182	-239.627	-355.2137	115.5867	0.3552524	1.931015	2.316571
13188	-234.2171	-350.7658	116.5487	0.475682	1.931015	1.585907
13194	-237.4878	-352.8801	115.3923	0.2366312	1.931015	2.513997
13200	-228.6696	-344.3368	115.6672	0.1972951	2.47262	2.176325
13206	-229.7474	-345.2711	115.5237	0.4497689	2.47262	2.105246
13212	-244.3651	-359.8684	115.5033	0.5282057	3.806026	1.690356
13218	-245.5161	-362.3695	116.8534	0.4858145	1.750418	1.43506
13224	-239.7252	-355.7456	116.0204	1.290801	2.441573	1.135378
13230	-241.6612	-358.7351	117.0739	0.8842182	0.9492037	1.459502
13236	-234.9117	-351.5974	116.6857	0.6481652	1.602739	1.514432
13242	-240.5341	-356.1293	115.5951	0.3782167	1.474245	2.489471
13248	-242.5817	-358.2393	115.6577	0.772405	2.765385	1.70089
13254	-237.3306	-353.0358	115.7051	0.7653275	3.052605	1.581836
13260	-245.9207	-362.0584	116.1377	0.237265	2.264165	1.909103
13266	-243.442	-359.7946	116.3527	0.2150671	2.878907	1.565143
13272	-243.4155	-359.9427	116.5272	0.9959103	1.313425	1.535539
13278	-233.4727	-348.4683	114.9957	0.8380818	5.137169	1.535539
13284	-229.8598	-346.1714	116.3115	0.8613301	2.146496	1.379733
13290	-241.1513	-356.4776	115.3262	0.7279755	3.572948	1.733531
13296	-253.5856	-369.8693	116.2837	0.746565	2.473948	1.356898
13302	-245.2916	-360.8234	115.5318	0.7586215	4.595834	1.302649
13308	-242.4975	-359.7788	117.2812	0.7550488	1.14168	1.249484
13314	-249.8773	-365.916	116.0387	1.046173	2.937875	1.131544
13320	-236.6413	-352.4867	115.8454	0.5358284	4.762819	1.185315
13326	-240.004	-355.6496	115.6456	0.6444136	5.307415	1.131828
13332	-238.9309	-354.7549	115.824	0.5355414	2.016203	2.01209
13338	-232.2004	-349.2459	117.0455	0.4987158	1.447479	1.440549
13344	-234.0695	-349.9209	115.8514	0.8834993	2.458599	1.586596
13350	-250.4428	-366.283	115.8402	0.4754155	2.816705	1.765078
13356	-247.819	-364.4643	116.6453	0.6902857	2.802904	0.9467064
13362	-240.3778	-356.8549	116.4771	0.6544638	1.52326	1.702329
13368	-243.2176	-359.3935	116.176	0.7485884	2.083346	1.5937
13374	-244.3131	-361.0371	116.724	0.797059	2.248276	1.033399
13380	-239.2285	-353.6271	114.3986	1.122229	8.522535	1.193226
13386	-233.7358	-349.2603	115.5245	1.168334	4.342285	1.016326
13392	-239.4884	-355.0102	115.5218	1.109142	4.46424	1.039616
13398	-242.2162	-358.5202	116.304	0.881096	2.926091	1.043385
13404	-234.5633	-350.1331	115.5698	0.5013581	3.288604	1.797354
13410	-239.5957	-355.6175	116.0217	1.182315	3.648049	0.6682806
13416	-243.1132	-358.7079	115.5947	1.123359	5.108142	0.715582
13422	-242.5322	-358.6626	116.1304	1.320969	3.127187	0.4934212
13428	-237.4216	-354.5613	117.1397	1.6013	1.012944	0.4911093
13434	-245.414	-362.1601	116.7461	2.05175	0.9220711	0.3768259
13440	-243.6471	-359.7284	116.0813	1.596602	2.611419	0.4773198
13446	-249.3733	-365.4034	116.0301	0.8676434	3.207569	1.19697
13452	-249.9676	-366.699	116.7314	1.293911	1.895911	0.650577
13458	-248.8512	-364.7672	115.9161	1.463318	3.211207	0.650577
13464	-238.2466	-355.7469	117.5004	1.146175	0.9127265	0.8835895
13470	-236.1839	-351.9764	115.7925	0.9719436	3.460466	1.226391
13476	-238.1294	-354.9417	116.8123	0.4424745	1.564057	1.592811
13482	-240.5767	-356.9345	116.3577	0.8037892	1.567945	1.658163
13488	-243.7425	-360.7706	117.0282	0.8049093	1.230273	1.351272
13494	-238.2135	-355.0623	116.8488	1.089057	1.3417	1.188795
13500	-232.8588	-349.0312	116.1724	0.8144843	3.194629	1.123226
13506	-240.2419	-357.1575	116.9156	0.9586011	1.885157	0.8810772
13512	-249.9151	-366.5702	116.6551	0.9586011	2.257134	0.9342892
13518	-246.4787	-362.1609	115.6822	1.234188	4.472535	0.6923651
13524	-237.6675	-353.5418	115.8743	1.028439	4.472535	0.715932
13530	-243.9091	-360.3346	116.4256	0.9124185	1.649692	1.487061
13536	-240.6669	-356.0246	115.3576	1.075585	5.09408	1.053225
13542	-239.7582	-355.598	115.8397	1.20963	4.218471	0.5577293
13548	-244.7886	-360.3765	115.5878	1.435717	4.294237	0.5649791
13554	-241.2779	-357.3196	116.0417	1.287307	3.018809	0.8478854
13560	-238.7257	-355.1379	116.4123	1.287307	2.546101	0.5769309
13566	-237.067	-352.5462	115.4792	1.589782	3.983833	0.3417896
13572	-238.3669	-353.8196	115.4527	1.589782	3.983833	0.3163193
13578	-233.2139	-348.6239	115.4101	1.727881	3.709266	0.3163193
13584	-234.9463	-350.8687	115.9223	1.846711	2.329558	0.3581967
13590	-246.6895	-362.3765	115.687	1.241258	4.329464	0.7459891
13596	-242.8212	-359.0388	116.2176	1.621043	2.122743	0.7459891
13602	-233.6727	-350.672	116.9993	1.092849	1.795099	0.6420553
13608	-225.2433	-341.6954	116.4521	1.377823	2.285094	0.582821
13614	-227.8088	-342.6104	114.8017	1.030512	8.178937	0.9605795
13620	-236.8141	-353.1165	116.3025	0.9851118	2.623501	1.076055
13626	-243.578	-359.9489	116.371	1.056857	2.419674	1.037447
13632	-248.6124	-365.1335	116.5211	0.6952793	1.306345	1.759959
13638	-244.5989	-359.7449	115.146	0.7415276	5.527779	1.416229
13644	-237.254	-353.3521	116.0981	0.5103125	1.716096	1.970241
13650	-245.1336	-360.074	114.9404	0.705717	6.384918	1.441686
13656	-237.3605	-353.3895	116.029	0.5151694	3.334214	1.441686
13662	-239.6192	-356.1376	116.5184	0.7500575	1.626613	1.550682
13668	-241.5708	-357.3859	115.815	0.7824683	1.972853	1.868954
13674	-239.4164	-356.1904	116.774	0.1401684	1.492462	1.868954
13680	-243.7638	-359.4332	115.6693	0.3597092	1.784046	2.319328
13686	-239.3794	-355.5899	116.2104	0.6504249	1.38762	1.958846
13692	-243.1725	-358.9888	115.8163	0.3126426	2.015023	2.164138
13698	-234.3414	-350.5081	116.1667	0.8738145	3.598323	0.9176401
13704	-230.9269	-346.8944	115.9675	1.183739	3.583456	0.7904175
13710	-240.6582	-355.8487	115.1904	0.02103305	4.304182	2.133893
13716	-232.9045	-348.2961	115.3916	0.05333865	3.598728	2.138362
13722	-237.5932	-353.7722	116.179	0.3240058	1.502064	2.138362
13728	-246.5716	-362.0093	115.4376	0.5264103	2.016653	2.270009
13734	-239.9011	-355.5014	115.6004	0.8440702	3.482991	1.474163
13740	-245.1844	-361.1812	115.9969	0.9510229	3.894503	0.9037236
13746	-243.8719	-360.4265	116.5546	1.131069	1.414748	1.349723
13752	-246.2282	-363.4904	117.2622	0.1599719	1.71563	1.388559
13758	-238.8078	-355.5269	116.7191	0.05583184	1.665772	1.880499
13764	-241.1778	-357.5518	116.3741	1.038704	2.083879	1.212937
13770	-242.2214	-358.2212	115.9998	1.535855	2.883923	0.6040978
13776	-235.7378	-351.4807	115.7429	1.175023	3.978551	0.905161
13782	-238.6871	-354.1638	115.4768	0.6995167	3.978551	1.542519
13788	-240.0648	-355.6075	115.5427	0.6995167	2.787958	1.824861
13794	-236.9891	-352.9532	115.964	0.6224587	2.237226	1.773761
13800	-237.4918	-353.2661	115.7743	0.8122135	2.237226	1.773761
13806	-233.3022	-348.6419	115.3396	0.8132557	4.203731	1.504525
13812	-234.2412	-350.1168	115.8756	1.124652	2.770184	1.267774
13818	-238.1892	-355.0234	116.8342	1.28897	1.342436	1.018546
13824	-236.4291	-351.8856	115.4565	1.154135	4.864721	0.9398651
13830	-246.5152	-361.6839	115.1688	1.024231	4.864721	1.317559
13836	-241.3615	-357.1054	115.744	1.088521	4.158275	0.933438
13842	-236.1741	-352.4403	116.2662	1.246171	2.439866	0.9417108
13848	-247.6279	-364.8771	117.2492	1.820185	0.08829117	1.83886
13854	-249.0459	-365.1172	116.0713	1.143005	2.637794	1.136748
13860	-246.822	-363.1271	116.305	0.986192	3.011354	0.8958768
13866	-248.861	-365.4183	116.5573	0.7295155	2.455529	1.150799
13872	-240.2607	-356.6093	116.3486	0.5434613	2.143403	1.592796
13878	-244.8798	-360.8923	116.0125	0.3651913	2.346797	1.8778
13884	-240.716	-355.1808	114.4648	0.2650065	3.076535	2.717741
13890	-239.2007	-355.034	115.8333	0.4915697	2.518341	1.854982
13896	-245.121	-360.9646	115.8436	0.4812847	2.518341	1.854982
13902	-241.423	-356.5002	115.0773	1.759349	4.481938	0.2823794
13908	-241.216	-355.9742	114.7582	1.830133	5.492407	0.308666
13914	-240.1273	-356.8544	116.7271	1.701875	1.245291	0.308666
13920	-247.4125	-363.2107	115.7982	0.8515323	4.057188	1.142532
13926	-243.2857	-359.8582	116.5725	0.607636	2.005968	1.436167
13932	-240.5384	-355.4346	114.8961	0.8215108	3.425396	2.001325
13938	-242.8346	-358.0505	115.216	0.6315091	3.098682	2.001325
13944	-249.3243	-364.4583	115.134	0.7429981	4.837873	1.56572
13950	-240.2473	-355.4087	115.1614	1.520895	5.128083	0.7624627
13956	-240.5497	-356.6421	116.0924	0.9214718	2.395391	1.400701
13962	-246.7032	-361.6927	114.9895	0.3878967	4.70035	1.943704
13968	-243.3979	-358.9063	115.5084	0.3465973	1.849221	2.403553
13974	-239.1883	-355.4139	116.2256	1.051246	3.263438	0.7858996
13980	-241.7928	-357.5472	115.7544	0.5188899	1.546296	2.266207
13986	-236.5625	-352.6576	116.0951	0.8195431	2.937157	1.277439
13992	-237.5905	-353.8427	116.2522	0.6615949	2.939179	1.277439
13998	-241.1856	-357.473	116.2873	0.7622136	2.637972	1.277439
14004	-239.8585	-356.176	116.3175	0.8974419	1.21307	1.815384
14010	-235.4959	-351.0134	115.5175	1.37549	4.748022	0.4996658
14016	-237.3839	-353.8617	116.4777	1.282947	2.438653	0.5368508
14022	-231.7295	-347.9897	116.2602	1.282947	2.56362	0.836889
14028	-232.8964	-349.6384	116.742	1.27828	1.966696	0.4889297
14034	-231.3397	-347.6278	116.2881	0.877465	2.639893	1.17884
14040	-229.9924	-345.4935	115.5011	0.8880501	3.804007	1.42731
14046	-232.863	-348.1506	115.2876	0.9503202	5.422213	1.151148
14052	-231.1969	-348.4242	117.2273	1.146904	1.095719	0.9803439
14058	-230.5817	-347.4409	116.8591	1.250568	1.641148	0.784104
14064	-234.4901	-350.7709	116.2808	1.1309	2.390494	1.066913
14070	-238.9105	-354.7697	115.8593	1.319038	3.561656	0.7637033
14076	-239.6137	-356.7491	117.1354	1.319038	0.8473268	1.145405
14082	-242.4321	-359.6537	117.2216	1.507989	0.884944	0.8193529
14088	-242.2507	-358.0174	115.7667	1.070896	3.982043	0.9890902
14094	-234.8581	-351.5701	116.7121	1.028876	1.866894	1.032731
14100	-239.1826	-354.054	114.8715	1.258716	7.928955	0.5993069
